query_id,feature_ms,retrieval_ms,total_ms
q_200m_01,1960.6155680958182,2.0876540802419186,1962.7063230145723
q_200m_02,1924.8350840061903,0.7890581618994474,1925.6263431161642
q_200m_03,1982.8347628936172,0.8892659097909927,1983.7266290560365
q_200m_04,1925.5020339041948,0.7509561255574226,1926.2548899278045
q_200m_05,1987.9981058184057,0.7100522052496672,1988.7102590873837
