{
  "pooling": "gem",
  "feature_timing": {
    "count": 5,
    "mean_ms": 1852.927886787802,
    "median_ms": 1847.572467988357,
    "p90_ms": 1888.483288930729
  },
  "retrieval_timing": {
    "count": 5,
    "mean_ms": 1.244137855246663,
    "median_ms": 0.8067600429058075,
    "p90_ms": 3.1158558558672667
  },
  "total_timing": {
    "count": 5,
    "mean_ms": 1854.174284869805,
    "median_ms": 1848.381828982383,
    "p90_ms": 1889.2010431736708
  }
}