{
  "pooling": "gem",
  "feature_timing": {
    "count": 5,
    "mean_ms": 1855.9829350560904,
    "median_ms": 1855.8963811956346,
    "p90_ms": 1897.8221430443227
  },
  "retrieval_timing": {
    "count": 5,
    "mean_ms": 1.0260691866278648,
    "median_ms": 0.832962803542614,
    "p90_ms": 1.8864870071411133
  },
  "total_timing": {
    "count": 5,
    "mean_ms": 1857.0115245413035,
    "median_ms": 1857.7864691615105,
    "p90_ms": 1898.7568127922714
  }
}