{
  "pooling": "gem",
  "feature_timing": {
    "count": 5,
    "mean_ms": 1965.4099124018103,
    "median_ms": 1935.2902951650321,
    "p90_ms": 2132.08389794454
  },
  "retrieval_timing": {
    "count": 5,
    "mean_ms": 1.1285622138530016,
    "median_ms": 0.7752580568194389,
    "p90_ms": 1.7676330171525478
  },
  "total_timing": {
    "count": 5,
    "mean_ms": 1966.5407548192888,
    "median_ms": 1936.0679530072957,
    "p90_ms": 2133.724312996492
  }
}