query_id,feature_ms,retrieval_ms,total_ms
q_200m_01,1798.3289039693773,3.1158558558672667,1801.4478599652648
q_200m_02,1847.572467988357,0.8067600429058075,1848.381828982383
q_200m_03,1847.048080060631,0.8917672093957663,1847.942247055471
q_200m_04,1888.483288930729,0.7162541151046753,1889.2010431736708
q_200m_05,1883.2066929899156,0.6900520529597998,1883.8984451722354
