query_id,feature_ms,retrieval_ms,total_ms
q_200m_01,1855.8963811956346,1.8864870071411133,1857.7864691615105
q_200m_02,1787.558858981356,0.7439919281750917,1788.3051519747823
q_200m_03,1897.8221430443227,0.9321700781583786,1898.7568127922714
q_200m_04,1884.028142085299,0.832962803542614,1884.8633049055934
q_200m_05,1854.6091499738395,0.7347341161221266,1855.34588387236
