{
  "pooling": "gem",
  "feature_timing": {
    "count": 5,
    "mean_ms": 1956.3571109436452,
    "median_ms": 1960.6155680958182,
    "p90_ms": 1987.9981058184057
  },
  "retrieval_timing": {
    "count": 5,
    "mean_ms": 1.0453972965478897,
    "median_ms": 0.7890581618994474,
    "p90_ms": 2.0876540802419186
  },
  "total_timing": {
    "count": 5,
    "mean_ms": 1957.4048888403922,
    "median_ms": 1962.7063230145723,
    "p90_ms": 1988.7102590873837
  }
}