query_id,feature_ms,retrieval_ms,total_ms
q_200m_01,1921.1021268274635,1.7676330171525478,1922.8728599846363
q_200m_02,1935.2902951650321,0.7752580568194389,1936.0679530072957
q_200m_03,1892.4254679586738,0.729055143892765,1893.1565231177956
q_200m_04,1946.1477741133422,0.7328509818762541,1946.8821249902248
q_200m_05,2132.08389794454,1.638013869524002,2133.724312996492
