{
  "overall": {
    "query_count": 5,
    "recall@1": 0.0,
    "recall@5": 0.4,
    "recall@10": 1.0,
    "mrr": 0.25555555555555554,
    "top1_error_m_mean": 802.7538294731559
  },
  "per_scale": {
    "200": {
      "query_count": 5,
      "recall@1": 0.0,
      "recall@5": 0.4,
      "recall@10": 1.0,
      "mrr": 0.25555555555555554,
      "top1_error_m_mean": 802.7538294731559,
      "top1_hit_queries": [],
      "top5_only_queries": [
        "q_200m_04",
        "q_200m_05"
      ]
    }
  },
  "top1_hit_queries": [],
  "top5_only_queries": [
    "q_200m_04",
    "q_200m_05"
  ]
}