query_id,feature_ms,retrieval_ms,total_ms
q_200m_01,1998.4473348595202,1.8829999025911093,2000.3340349067003
q_200m_02,1977.2943139541894,0.8255441207438707,1978.125057881698
q_200m_03,1968.2891361881047,0.76474086381495,1969.0566770732403
q_200m_04,2004.1540879756212,1.3456582091748714,2005.502545973286
q_200m_05,1875.6885109469295,0.7215298246592283,1876.412141835317
