{
  "pooling": "cls",
  "feature_timing": {
    "count": 5,
    "mean_ms": 2105.721799330786,
    "median_ms": 2068.07102705352,
    "p90_ms": 2333.8991289492697
  },
  "retrieval_timing": {
    "count": 5,
    "mean_ms": 1.383058214560151,
    "median_ms": 0.7823419291526079,
    "p90_ms": 3.3789989538490772
  },
  "total_timing": {
    "count": 5,
    "mean_ms": 2107.107238098979,
    "median_ms": 2068.8554691150784,
    "p90_ms": 2334.6279691904783
  }
}