{
  "pooling": "cls",
  "feature_timing": {
    "count": 5,
    "mean_ms": 1976.6571794170886,
    "median_ms": 1977.2466230206192,
    "p90_ms": 2041.455480037257
  },
  "retrieval_timing": {
    "count": 5,
    "mean_ms": 0.960472458973527,
    "median_ms": 0.7389411330223083,
    "p90_ms": 1.87950418330729
  },
  "total_timing": {
    "count": 5,
    "mean_ms": 1977.6209319010377,
    "median_ms": 1977.9953628312796,
    "p90_ms": 2042.197321075946
  }
}