{
  "pooling": "cls",
  "feature_timing": {
    "count": 5,
    "mean_ms": 1964.774676784873,
    "median_ms": 1977.2943139541894,
    "p90_ms": 2004.1540879756212
  },
  "retrieval_timing": {
    "count": 5,
    "mean_ms": 1.108094584196806,
    "median_ms": 0.8255441207438707,
    "p90_ms": 1.8829999025911093
  },
  "total_timing": {
    "count": 5,
    "mean_ms": 1965.8860915340483,
    "median_ms": 1978.125057881698,
    "p90_ms": 2005.502545973286
  }
}