query_id,feature_ms,retrieval_ms,total_ms
q_200m_01,1930.5532269645482,1.87950418330729,1932.4367309454829
q_200m_02,2041.455480037257,0.7389411330223083,2042.197321075946
q_200m_03,1977.2466230206192,0.744739081710577,1977.9953628312796
q_200m_04,1943.8627499621361,0.7334398105740547,1944.5989897940308
q_200m_05,1990.1678171008825,0.7057380862534046,1990.876254858449
