{
  "pooling": "cls",
  "feature_timing": {
    "count": 5,
    "mean_ms": 2119.8797239921987,
    "median_ms": 2138.3760410826653,
    "p90_ms": 2174.0694059990346
  },
  "retrieval_timing": {
    "count": 5,
    "mean_ms": 1.1564324144273996,
    "median_ms": 0.7488480769097805,
    "p90_ms": 2.8204808477312326
  },
  "total_timing": {
    "count": 5,
    "mean_ms": 2121.0384564008564,
    "median_ms": 2139.15948709473,
    "p90_ms": 2174.7606499120593
  }
}