flight_id,short_flight_id,query_count,ok_count,phase_corr_error_m_mean,center_offset_m_mean,ortho_iou_mean,ssim_mean
DJI_202510311347_009_新建面状航线1,009,20,20,0.06966095,30.150553349999996,0.6964286999999999,0.4824159
DJI_202510311413_010_新建面状航线1,010,20,20,0.0978942,35.55615705,0.69058685,0.3627765
