query_id,feature_ms,retrieval_ms,total_ms
q_200m_01,2852.676816051826,1.7677310388535261,2854.4482470024377
q_200m_02,3363.8787230011076,0.17191306687891483,3364.0532358549535
q_200m_03,2900.637056911364,0.14871102757751942,2900.7883679587394
q_200m_04,2989.2131090164185,0.14141015708446503,2989.357019076124
q_200m_05,2932.7605080325156,0.15131081454455853,2932.9140190966427
