{
  "pooling": "gem",
  "feature_timing": {
    "count": 5,
    "mean_ms": 2807.6797648333013,
    "median_ms": 2759.6738550346345,
    "p90_ms": 2975.491824094206
  },
  "retrieval_timing": {
    "count": 5,
    "mean_ms": 0.7571815978735685,
    "median_ms": 0.15571387484669685,
    "p90_ms": 3.2295610290020704
  },
  "total_timing": {
    "count": 5,
    "mean_ms": 2808.438906632364,
    "median_ms": 2761.397740105167,
    "p90_ms": 2975.611133966595
  }
}