query_id,feature_ms,retrieval_ms,total_ms
q_200m_01,2758.1648791674525,3.2295610290020704,2761.397740105167
q_200m_02,2734.131844015792,0.16411300748586655,2734.2980571556836
q_200m_03,2810.9364218544215,0.11840998195111752,2811.056532897055
q_200m_04,2759.6738550346345,0.15571387484669685,2759.8310690373182
q_200m_05,2975.491824094206,0.11811009608209133,2975.611133966595
