{
  "pooling": "gem",
  "feature_timing": {
    "count": 5,
    "mean_ms": 3007.8332426026464,
    "median_ms": 2932.7605080325156,
    "p90_ms": 3363.8787230011076
  },
  "retrieval_timing": {
    "count": 5,
    "mean_ms": 0.4762152209877968,
    "median_ms": 0.15131081454455853,
    "p90_ms": 1.7677310388535261
  },
  "total_timing": {
    "count": 5,
    "mean_ms": 3008.3121777977794,
    "median_ms": 2932.9140190966427,
    "p90_ms": 3364.0532358549535
  }
}