{
  "pooling": "gem",
  "feature_timing": {
    "count": 5,
    "mean_ms": 3014.52893614769,
    "median_ms": 2915.057281963527,
    "p90_ms": 3760.567562887445
  },
  "retrieval_timing": {
    "count": 5,
    "mean_ms": 2.935355994850397,
    "median_ms": 0.12820889241993427,
    "p90_ms": 14.146541012451053
  },
  "total_timing": {
    "count": 5,
    "mean_ms": 3017.4666322302073,
    "median_ms": 2915.1850920170546,
    "p90_ms": 3774.7192040551454
  }
}