query_id,feature_ms,retrieval_ms,total_ms
q_200m_01,2728.513231035322,3.813273971900344,2732.3299050331116
q_200m_02,2735.2371141314507,0.1697121188044548,2735.41032592766
q_200m_03,2735.058968188241,0.12350804172456264,2735.184276010841
q_200m_04,2733.329938026145,0.13370811939239502,2733.4649469703436
q_200m_05,2789.1889209859073,0.12370804324746132,2789.3140299711376
