{
  "pooling": "gem",
  "feature_timing": {
    "count": 5,
    "mean_ms": 2744.2656344734132,
    "median_ms": 2735.058968188241,
    "p90_ms": 2789.1889209859073
  },
  "retrieval_timing": {
    "count": 5,
    "mean_ms": 0.8727820590138435,
    "median_ms": 0.13370811939239502,
    "p90_ms": 3.813273971900344
  },
  "total_timing": {
    "count": 5,
    "mean_ms": 2745.1406967826188,
    "median_ms": 2735.184276010841,
    "p90_ms": 2789.3140299711376
  }
}