query_id,feature_ms,retrieval_ms,total_ms
q_200m_01,3461.2952938769013,4.410782130435109,3465.709475800395
q_200m_02,3792.4843509681523,0.14090887270867825,3792.626959970221
q_200m_03,3414.6987160202116,0.16971095465123653,3414.870126871392
q_200m_04,3015.1307701598853,0.13650907203555107,3015.2689788956195
q_200m_05,3231.3317200168967,0.547934090718627,3231.8817540071905
