query_id,feature_ms,retrieval_ms,total_ms
q_200m_01,3029.9559510312974,1.3790931552648544,3031.337844207883
q_200m_02,3425.6944148801267,0.14531007036566734,3425.842025084421
q_200m_03,3742.2999730333686,0.1186078879982233,3742.420081049204
q_200m_04,4263.438717927784,0.12070406228303909,4263.560722116381
q_200m_05,3705.7617930695415,0.1231080386787653,3705.8865008875728
