query_id,feature_ms,retrieval_ms,total_ms
q_200m_01,3223.640487063676,6.17817509919405,3229.8219620715827
q_200m_02,3155.289885820821,0.15080999583005905,3155.4427959490567
q_200m_03,3152.074891841039,0.7397441659122705,3152.816636953503
q_200m_04,3522.2934070043266,0.11910800822079182,3522.4137150216848
q_200m_05,3635.3584779426455,0.1206081360578537,3635.4804860893637
