{
  "pooling": "cls",
  "feature_timing": {
    "count": 5,
    "mean_ms": 3337.7314299345016,
    "median_ms": 3223.640487063676,
    "p90_ms": 3635.3584779426455
  },
  "retrieval_timing": {
    "count": 5,
    "mean_ms": 1.461689081043005,
    "median_ms": 0.15080999583005905,
    "p90_ms": 6.17817509919405
  },
  "total_timing": {
    "count": 5,
    "mean_ms": 3339.195119217038,
    "median_ms": 3229.8219620715827,
    "p90_ms": 3635.4804860893637
  }
}