query_id,feature_ms,retrieval_ms,total_ms
q_200m_01,3219.678397057578,2.66947690397501,3222.3509741015732
q_200m_02,3543.799821054563,0.25611696764826775,3544.0588381607085
q_200m_03,3107.0081759244204,0.11960789561271667,3107.1293838322163
q_200m_04,3094.764790032059,0.12000789865851402,3094.8863988742232
q_200m_05,3017.444214085117,0.14070887118577957,3017.586322966963
