{
  "pooling": "cls",
  "feature_timing": {
    "count": 5,
    "mean_ms": 3196.5390796307474,
    "median_ms": 3107.0081759244204,
    "p90_ms": 3543.799821054563
  },
  "retrieval_timing": {
    "count": 5,
    "mean_ms": 0.6611837074160576,
    "median_ms": 0.14070887118577957,
    "p90_ms": 2.66947690397501
  },
  "total_timing": {
    "count": 5,
    "mean_ms": 3197.202383587137,
    "median_ms": 3107.1293838322163,
    "p90_ms": 3544.0588381607085
  }
}