{
  "pooling": "cls",
  "feature_timing": {
    "count": 5,
    "mean_ms": 3633.4301699884236,
    "median_ms": 3705.7617930695415,
    "p90_ms": 4263.438717927784
  },
  "retrieval_timing": {
    "count": 5,
    "mean_ms": 0.3773646429181099,
    "median_ms": 0.1231080386787653,
    "p90_ms": 1.3790931552648544
  },
  "total_timing": {
    "count": 5,
    "mean_ms": 3633.8094346690923,
    "median_ms": 3705.8865008875728,
    "p90_ms": 4263.560722116381
  }
}