{
  "pooling": "cls",
  "feature_timing": {
    "count": 5,
    "mean_ms": 3382.9881702084094,
    "median_ms": 3414.6987160202116,
    "p90_ms": 3792.4843509681523
  },
  "retrieval_timing": {
    "count": 5,
    "mean_ms": 1.0811690241098404,
    "median_ms": 0.16971095465123653,
    "p90_ms": 4.410782130435109
  },
  "total_timing": {
    "count": 5,
    "mean_ms": 3384.0714591089636,
    "median_ms": 3414.870126871392,
    "p90_ms": 3792.626959970221
  }
}