flight_id,short_flight_id,query_count,ok_count,tiepoint_xy_error_mean_m,tiepoint_xy_error_median_m,tiepoint_xy_error_rmse_m,tiepoint_xy_error_p90_m
DJI_202510311347_009_新建面状航线1,009,20,18,140.25225004545453,128.507192,178.5172357858548,334.6655657
DJI_202510311413_010_新建面状航线1,010,20,14,154.26318418852458,164.1201005,186.40811758033223,308.38714970000007
