query_id,match_index,truth_col_px,truth_row_px,pred_col_px,pred_row_px,truth_x_m,truth_y_m,pred_x_m,pred_y_m,dx_m,dy_m,dxy_m
q_001,0,3806.936523,2179.402344,1541.686523,2006.932007,253983.526113,3364896.098672,253666.391113,3364920.244519,-317.135000,24.145847,318.052873
q_001,1,3806.936523,2179.402344,1541.686523,2006.932007,253983.526113,3364896.098672,253666.391113,3364920.244519,-317.135000,24.145847,318.052873
q_001,2,3811.652832,2178.652344,1562.167114,2001.594849,253984.186396,3364896.203672,253669.258396,3364920.991721,-314.928000,24.788049,315.902031
q_001,3,3836.379395,2079.010986,1533.162598,1513.405762,253987.648115,3364910.153462,253665.197764,3364989.338193,-322.450352,79.184731,332.030798
q_001,4,3633.618408,2179.986328,605.243591,2002.107910,253959.261577,3364896.016914,253535.289103,3364920.919893,-423.972474,24.902979,424.703211
q_001,5,3633.618408,2179.986328,605.243591,2002.107910,253959.261577,3364896.016914,253535.289103,3364920.919893,-423.972474,24.902979,424.703211
q_001,6,3557.023193,2010.432617,202.303223,1157.176147,253948.538247,3364919.754434,253478.877451,3365039.210339,-469.660796,119.455906,484.614255
