query_id,match_index,truth_col_px,truth_row_px,pred_col_px,pred_row_px,truth_x_m,truth_y_m,pred_x_m,pred_y_m,dx_m,dy_m,dxy_m
q_021,0,3814.943604,1459.179443,270.256378,3064.842773,255249.382104,3364183.795878,254753.125893,3363959.003012,-496.256212,-224.792866,544.795430
q_021,1,3815.994385,1459.727173,270.256378,3064.842773,255249.529214,3364183.719196,254753.125893,3363959.003012,-496.403321,-224.716184,544.897807
q_021,2,531.425171,2981.371094,2554.480225,3005.909668,254789.689524,3363970.689047,255072.917231,3363967.253646,283.227708,-3.435400,283.248542
q_021,3,306.460571,1467.428589,3343.863770,1585.020142,254758.194480,3364182.640998,255183.430928,3364166.178180,425.236448,-16.462817,425.555003
q_021,4,306.460571,1467.428589,3343.863770,1585.020142,254758.194480,3364182.640998,255183.430928,3364166.178180,425.236448,-16.462817,425.555003
q_021,5,1616.793579,738.079407,2381.720947,334.855042,254941.641101,3364284.749883,255048.730933,3364341.201294,107.089832,56.451411,121.057812
