{
  "query_count": 40,
  "selected_query_rows": 40,
  "sanitized_query_count": 40,
  "flight_ids": [
    "DJI_202510311347_009_新建面状航线1",
    "DJI_202510311413_010_新建面状航线1",
    "DJI_202510311435_011_新建面状航线1",
    "DJI_202510311500_012_新建面状航线1"
  ],
  "query_crs": "EPSG:32650",
  "satellite_crs": "EPSG:32650",
  "roi_buffer_meters": 250.0,
  "raw_bbox": [
    253361.04000885546,
    3363429.3123517805,
    255700.56246998772,
    3365757.1893944405
  ],
  "raw_bbox_area_m2": 5446120.628057273,
  "roi_bounds": [
    253111.04000885546,
    3363179.3123517805,
    255950.56246998772,
    3366007.1893944405
  ],
  "roi_area_m2": 8029820.379953416,
  "buffer_area_gain_m2": 2583699.751896143,
  "tile_count_total": 1029,
  "tile_count_by_scale": {
    "200m": 553,
    "300m": 253,
    "500m": 114,
    "700m": 109
  },
  "footprint_area_m2_mean": 223965.83465000003,
  "footprint_area_m2_min": 75029.719,
  "footprint_area_m2_max": 264842.458
}