flight_id,query_count,phase_corr_error_m_mean,center_offset_m_mean,ortho_iou_mean,ssim_mean
DJI_202510311347_009_新建面状航线1,4,0.09681274999999999,20.990634,0.6813535,0.7031375000000001
DJI_202510311413_010_新建面状航线1,1,0.148349,5.840745,0.767132,0.789491
