{
  "top_k": 10,
  "query_count": 5,
  "recall@1": 0.4,
  "recall@5": 0.6,
  "recall@10": 1.0,
  "mrr": 0.513888888888889,
  "top1_error_m_mean": 672.4744017888603,
  "hit_count@1": 2,
  "hit_count@5": 3,
  "hit_count@10": 5,
  "per_query": [
    {
      "query_id": "q_200m_01",
      "truth_tile_ids": [
        "s80_x254221.063_y3364456.491",
        "s120_x254211.063_y3364476.491",
        "s200_x254161.063_y3364516.491",
        "s80_x254207.293_y3364447.454",
        "s120_x254197.293_y3364407.454",
        "s200_x254147.293_y3364357.454",
        "s200_x254147.293_y3364507.454",
        "s200_x254297.293_y3364357.454",
        "s200_x254297.293_y3364507.454"
      ],
      "topk_tile_ids": [
        "s200_x254474.835_y3365125.528",
        "s200_x254716.545_y3365872.637",
        "s200_x254161.063_y3364516.491",
        "s200_x254866.545_y3366022.637",
        "s200_x254461.063_y3364966.491",
        "s200_x254447.293_y3364057.454",
        "s200_x254297.293_y3364357.454",
        "s200_x254716.545_y3365722.637",
        "s200_x254689.058_y3364504.565",
        "s200_x254716.545_y3366022.637"
      ],
      "hit@1": false,
      "hit@5": true,
      "hit@10": true,
      "reciprocal_rank": 0.3333333333333333,
      "top1_error_m": 741.0626033971761
    },
    {
      "query_id": "q_200m_02",
      "truth_tile_ids": [
        "s80_x254207.293_y3364267.454",
        "s120_x254197.293_y3364227.454",
        "s120_x254197.293_y3364317.454",
        "s200_x254147.293_y3364207.454",
        "s200_x254147.293_y3364357.454",
        "s200_x254297.293_y3364207.454",
        "s200_x254297.293_y3364357.454"
      ],
      "topk_tile_ids": [
        "s200_x254866.545_y3366022.637",
        "s200_x254161.063_y3364516.491",
        "s200_x255544.480_y3365710.735",
        "s200_x254488.610_y3366034.565",
        "s200_x253796.869_y3365437.480",
        "s200_x253796.869_y3365287.480",
        "s200_x253432.736_y3366057.942",
        "s200_x254297.293_y3364357.454",
        "s200_x254716.545_y3365722.637",
        "s200_x254474.835_y3365125.528"
      ],
      "hit@1": false,
      "hit@5": false,
      "hit@10": true,
      "reciprocal_rank": 0.125,
      "top1_error_m": 1868.3590371811483
    },
    {
      "query_id": "q_200m_03",
      "truth_tile_ids": [
        "s80_x254327.293_y3364327.454",
        "s80_x254327.293_y3364387.454",
        "s80_x254387.293_y3364327.454",
        "s80_x254387.293_y3364387.454",
        "s120_x254377.293_y3364317.454",
        "s120_x254377.293_y3364407.454",
        "s200_x254297.293_y3364357.454",
        "s200_x254447.293_y3364357.454"
      ],
      "topk_tile_ids": [
        "s200_x254839.058_y3364804.565",
        "s200_x254689.058_y3364504.565",
        "s200_x254866.545_y3366022.637",
        "s200_x254447.293_y3364057.454",
        "s200_x254716.545_y3366022.637",
        "s200_x254689.058_y3364654.565",
        "s200_x254716.545_y3365722.637",
        "s200_x254488.610_y3366034.565",
        "s200_x254297.293_y3364357.454",
        "s200_x254716.545_y3365872.637"
      ],
      "hit@1": false,
      "hit@5": false,
      "hit@10": true,
      "reciprocal_rank": 0.1111111111111111,
      "top1_error_m": 653.3798624061812
    },
    {
      "query_id": "q_200m_04",
      "truth_tile_ids": [
        "s80_x254113.067_y3364828.442",
        "s120_x254133.067_y3364848.442",
        "s200_x254083.067_y3364828.442",
        "s80_x254101.063_y3364816.491",
        "s80_x254161.063_y3364816.491",
        "s120_x254121.063_y3364836.491",
        "s200_x254161.063_y3364816.491"
      ],
      "topk_tile_ids": [
        "s200_x254161.063_y3364816.491",
        "s200_x254866.545_y3366022.637",
        "s200_x254488.610_y3366034.565",
        "s200_x254716.545_y3365722.637",
        "s200_x254839.058_y3364804.565",
        "s200_x254716.545_y3366022.637",
        "s200_x254447.293_y3364057.454",
        "s200_x253796.869_y3365437.480",
        "s200_x255544.480_y3365710.735",
        "s200_x254689.058_y3364804.565"
      ],
      "hit@1": true,
      "hit@5": true,
      "hit@10": true,
      "reciprocal_rank": 1.0,
      "top1_error_m": 41.418722926059026
    },
    {
      "query_id": "q_200m_05",
      "truth_tile_ids": [
        "s80_x254447.293_y3364087.454",
        "s80_x254447.293_y3364147.454",
        "s120_x254467.293_y3364137.454",
        "s200_x254447.293_y3364057.454",
        "s200_x254447.293_y3364207.454"
      ],
      "topk_tile_ids": [
        "s200_x254447.293_y3364057.454",
        "s200_x254839.058_y3364804.565",
        "s200_x254689.058_y3364504.565",
        "s200_x254866.545_y3366022.637",
        "s200_x254716.545_y3366022.637",
        "s200_x254716.545_y3365722.637",
        "s200_x254689.058_y3364654.565",
        "s200_x254839.058_y3364654.565",
        "s200_x254689.058_y3364804.565",
        "s200_x254161.063_y3364816.491"
      ],
      "hit@1": true,
      "hit@5": true,
      "hit@10": true,
      "reciprocal_rank": 1.0,
      "top1_error_m": 58.151783033736606
    }
  ]
}