{
  "top_k": 10,
  "query_count": 5,
  "recall@1": 0.0,
  "recall@5": 0.0,
  "recall@10": 0.6,
  "mrr": 0.08888888888888888,
  "top1_error_m_mean": 505.8349181229511,
  "hit_count@1": 0,
  "hit_count@5": 0,
  "hit_count@10": 3,
  "per_query": [
    {
      "query_id": "q_200m_01",
      "truth_tile_ids": [
        "s80_x254207.293_y3364267.454",
        "s80_x254207.293_y3364327.454",
        "s120_x254197.293_y3364317.454",
        "s200_x254147.293_y3364207.454",
        "s200_x254147.293_y3364357.454",
        "s200_x254297.293_y3364207.454",
        "s200_x254297.293_y3364357.454"
      ],
      "topk_tile_ids": [
        "s200_x254161.063_y3364516.491",
        "s200_x254474.835_y3365125.528",
        "s200_x254461.063_y3364966.491",
        "s200_x254866.545_y3366022.637",
        "s200_x254716.545_y3365872.637",
        "s200_x254297.293_y3364357.454",
        "s200_x255544.480_y3365710.735",
        "s200_x253432.736_y3366057.942",
        "s200_x253391.241_y3364081.380",
        "s200_x254297.293_y3364207.454"
      ],
      "hit@1": false,
      "hit@5": false,
      "hit@10": true,
      "reciprocal_rank": 0.16666666666666666,
      "top1_error_m": 221.90704467966793
    },
    {
      "query_id": "q_200m_02",
      "truth_tile_ids": [
        "s80_x254161.063_y3364456.491",
        "s80_x254221.063_y3364456.491",
        "s120_x254211.063_y3364476.491",
        "s200_x254161.063_y3364516.491",
        "s80_x254207.293_y3364447.454",
        "s120_x254197.293_y3364407.454",
        "s200_x254147.293_y3364507.454",
        "s200_x254297.293_y3364507.454"
      ],
      "topk_tile_ids": [
        "s200_x254866.545_y3366022.637",
        "s200_x254716.545_y3366022.637",
        "s200_x254716.545_y3365872.637",
        "s200_x254474.835_y3365125.528",
        "s200_x254461.063_y3364966.491",
        "s200_x254161.063_y3364516.491",
        "s200_x254447.293_y3364057.454",
        "s200_x254716.545_y3365722.637",
        "s200_x254689.058_y3364504.565",
        "s200_x254297.293_y3364357.454"
      ],
      "hit@1": false,
      "hit@5": false,
      "hit@10": true,
      "reciprocal_rank": 0.16666666666666666,
      "top1_error_m": 1700.8294500136706
    },
    {
      "query_id": "q_200m_03",
      "truth_tile_ids": [
        "s80_x254594.835_y3365065.528",
        "s80_x254594.835_y3365125.528",
        "s120_x254584.835_y3365085.528",
        "s200_x254624.835_y3365125.528",
        "s200_x254611.063_y3365116.491",
        "s200_x254689.058_y3365104.565"
      ],
      "topk_tile_ids": [
        "s200_x254474.835_y3365125.528",
        "s200_x254716.545_y3365872.637",
        "s200_x254866.545_y3366022.637",
        "s200_x254716.545_y3365722.637",
        "s200_x254461.063_y3364966.491",
        "s200_x254716.545_y3366022.637",
        "s200_x254474.835_y3365275.528",
        "s200_x255544.480_y3365710.735",
        "s200_x254161.063_y3364516.491",
        "s200_x254447.293_y3364057.454"
      ],
      "hit@1": false,
      "hit@5": false,
      "hit@10": false,
      "reciprocal_rank": 0.0,
      "top1_error_m": 127.876627328857
    },
    {
      "query_id": "q_200m_04",
      "truth_tile_ids": [
        "s80_x254327.293_y3364387.454",
        "s80_x254387.293_y3364387.454",
        "s120_x254377.293_y3364407.454",
        "s200_x254297.293_y3364357.454",
        "s200_x254447.293_y3364357.454"
      ],
      "topk_tile_ids": [
        "s200_x254689.058_y3364504.565",
        "s200_x254716.545_y3366022.637",
        "s200_x254447.293_y3364057.454",
        "s200_x254866.545_y3366022.637",
        "s200_x254839.058_y3364804.565",
        "s200_x254689.058_y3364654.565",
        "s200_x254716.545_y3365722.637",
        "s200_x254716.545_y3365872.637",
        "s200_x254297.293_y3364357.454",
        "s200_x254488.610_y3366034.565"
      ],
      "hit@1": false,
      "hit@5": false,
      "hit@10": true,
      "reciprocal_rank": 0.1111111111111111,
      "top1_error_m": 352.8640056825778
    },
    {
      "query_id": "q_200m_05",
      "truth_tile_ids": [
        "s80_x254281.063_y3364876.491",
        "s120_x254301.063_y3364836.491",
        "s200_x254311.063_y3364816.491"
      ],
      "topk_tile_ids": [
        "s200_x254161.063_y3364816.491",
        "s200_x253796.869_y3365437.480",
        "s200_x255544.480_y3365710.735",
        "s200_x253796.869_y3365287.480",
        "s200_x254866.545_y3366022.637",
        "s200_x254689.058_y3364804.565",
        "s200_x254474.835_y3365275.528",
        "s200_x253646.869_y3365437.480",
        "s200_x254488.610_y3366034.565",
        "s200_x254716.545_y3365722.637"
      ],
      "hit@1": false,
      "hit@5": false,
      "hit@10": false,
      "reciprocal_rank": 0.0,
      "top1_error_m": 125.69746290998182
    }
  ]
}