{
  "top_k": 10,
  "query_count": 5,
  "recall@1": 0.2,
  "recall@5": 0.6,
  "recall@10": 0.8,
  "mrr": 0.4,
  "top1_error_m_mean": 250.47572681149904,
  "hit_count@1": 1,
  "hit_count@5": 3,
  "hit_count@10": 4,
  "per_query": [
    {
      "query_id": "q_200m_01",
      "truth_tile_ids": [
        "s80_x254594.835_y3365065.528",
        "s80_x254654.835_y3365065.528",
        "s120_x254584.835_y3365085.528",
        "s120_x254674.835_y3365085.528",
        "s200_x254624.835_y3365125.528",
        "s80_x254642.800_y3365053.601",
        "s80_x254642.800_y3365113.601",
        "s120_x254662.800_y3365073.601",
        "s200_x254702.800_y3365113.601",
        "s80_x254581.063_y3365056.491",
        "s80_x254641.063_y3365056.491",
        "s200_x254611.063_y3365116.491",
        "s80_x254629.058_y3365044.565",
        "s200_x254689.058_y3365104.565"
      ],
      "topk_tile_ids": [
        "s200_x254474.835_y3365125.528",
        "s200_x254716.545_y3365872.637",
        "s200_x254716.545_y3365722.637",
        "s200_x254866.545_y3366022.637",
        "s200_x255544.480_y3365710.735",
        "s200_x254461.063_y3364966.491",
        "s200_x254161.063_y3364516.491",
        "s200_x254716.545_y3366022.637",
        "s200_x254447.293_y3364057.454",
        "s200_x254474.835_y3365275.528"
      ],
      "hit@1": false,
      "hit@5": false,
      "hit@10": false,
      "reciprocal_rank": 0.0,
      "top1_error_m": 151.36599517055268
    },
    {
      "query_id": "q_200m_02",
      "truth_tile_ids": [
        "s80_x254749.058_y3364684.565",
        "s80_x254809.058_y3364684.565",
        "s120_x254739.058_y3364644.565",
        "s120_x254739.058_y3364734.565",
        "s120_x254829.058_y3364644.565",
        "s120_x254829.058_y3364734.565",
        "s200_x254689.058_y3364654.565",
        "s200_x254839.058_y3364654.565"
      ],
      "topk_tile_ids": [
        "s200_x254839.058_y3364804.565",
        "s200_x254689.058_y3364654.565",
        "s200_x254447.293_y3364057.454",
        "s200_x254689.058_y3364504.565",
        "s200_x254866.545_y3366022.637",
        "s200_x254716.545_y3366022.637",
        "s200_x254839.058_y3364654.565",
        "s200_x254161.063_y3364816.491",
        "s200_x254716.545_y3365722.637",
        "s200_x254689.058_y3364804.565"
      ],
      "hit@1": false,
      "hit@5": true,
      "hit@10": true,
      "reciprocal_rank": 0.5,
      "top1_error_m": 136.16214561058754
    },
    {
      "query_id": "q_200m_03",
      "truth_tile_ids": [
        "s120_x254661.063_y3364476.491",
        "s120_x254661.063_y3364566.491",
        "s200_x254611.063_y3364516.491",
        "s80_x254689.058_y3364504.565",
        "s120_x254649.058_y3364464.565",
        "s120_x254649.058_y3364554.565",
        "s120_x254739.058_y3364464.565",
        "s120_x254739.058_y3364554.565",
        "s200_x254689.058_y3364504.565",
        "s200_x254675.317_y3364495.530"
      ],
      "topk_tile_ids": [
        "s200_x254839.058_y3364804.565",
        "s200_x254447.293_y3364057.454",
        "s200_x254689.058_y3364504.565",
        "s200_x254866.545_y3366022.637",
        "s200_x254716.545_y3366022.637",
        "s200_x254689.058_y3364654.565",
        "s200_x254716.545_y3365722.637",
        "s200_x254161.063_y3364816.491",
        "s200_x254839.058_y3364654.565",
        "s200_x255230.764_y3365401.700"
      ],
      "hit@1": false,
      "hit@5": true,
      "hit@10": true,
      "reciprocal_rank": 0.3333333333333333,
      "top1_error_m": 315.0095104173134
    },
    {
      "query_id": "q_200m_04",
      "truth_tile_ids": [
        "s80_x254113.067_y3364828.442",
        "s120_x254133.067_y3364848.442",
        "s200_x254083.067_y3364828.442",
        "s80_x254101.063_y3364816.491",
        "s80_x254101.063_y3364876.491",
        "s80_x254161.063_y3364816.491",
        "s80_x254161.063_y3364876.491",
        "s120_x254121.063_y3364836.491",
        "s200_x254161.063_y3364816.491"
      ],
      "topk_tile_ids": [
        "s200_x254161.063_y3364816.491",
        "s200_x254866.545_y3366022.637",
        "s200_x254488.610_y3366034.565",
        "s200_x254716.545_y3365722.637",
        "s200_x254716.545_y3366022.637",
        "s200_x254839.058_y3364804.565",
        "s200_x254447.293_y3364057.454",
        "s200_x253796.869_y3365437.480",
        "s200_x254689.058_y3364804.565",
        "s200_x255544.480_y3365710.735"
      ],
      "hit@1": true,
      "hit@5": true,
      "hit@10": true,
      "reciprocal_rank": 1.0,
      "top1_error_m": 33.13678522319318
    },
    {
      "query_id": "q_200m_05",
      "truth_tile_ids": [
        "s80_x254474.835_y3365125.528",
        "s80_x254474.835_y3365185.528",
        "s120_x254404.835_y3365175.528",
        "s120_x254494.835_y3365175.528",
        "s200_x254474.835_y3365125.528",
        "s200_x254461.063_y3365116.491"
      ],
      "topk_tile_ids": [
        "s200_x254716.545_y3365722.637",
        "s200_x254866.545_y3366022.637",
        "s200_x254161.063_y3364816.491",
        "s200_x255544.480_y3365710.735",
        "s200_x254716.545_y3365872.637",
        "s200_x254474.835_y3365125.528",
        "s200_x253796.869_y3365437.480",
        "s200_x254689.058_y3364804.565",
        "s200_x254474.835_y3365275.528",
        "s200_x254716.545_y3366022.637"
      ],
      "hit@1": false,
      "hit@5": false,
      "hit@10": true,
      "reciprocal_rank": 0.16666666666666666,
      "top1_error_m": 616.7041976358483
    }
  ]
}