{
  "top_k": 10,
  "query_count": 5,
  "recall@1": 0.4,
  "recall@5": 0.8,
  "recall@10": 1.0,
  "mrr": 0.62,
  "top1_error_m_mean": 267.8767439781985,
  "hit_count@1": 2,
  "hit_count@5": 4,
  "hit_count@10": 5,
  "per_query": [
    {
      "query_id": "q_200m_01",
      "truth_tile_ids": [
        "s80_x254207.293_y3364387.454",
        "s120_x254197.293_y3364407.454",
        "s200_x254147.293_y3364357.454",
        "s200_x254297.293_y3364357.454"
      ],
      "topk_tile_ids": [
        "s200_x254461.063_y3364966.491",
        "s200_x254147.293_y3364357.454",
        "s200_x254716.545_y3365872.637",
        "s200_x254297.293_y3364357.454",
        "s200_x254675.317_y3364345.530",
        "s200_x253646.869_y3365587.480",
        "s200_x254689.058_y3364504.565",
        "s200_x253660.673_y3366046.519",
        "s200_x254716.545_y3365722.637",
        "s200_x254161.063_y3364516.491"
      ],
      "hit@1": false,
      "hit@5": true,
      "hit@10": true,
      "reciprocal_rank": 0.5,
      "top1_error_m": 621.6805650516209
    },
    {
      "query_id": "q_200m_02",
      "truth_tile_ids": [
        "s80_x254267.293_y3364207.454",
        "s80_x254267.293_y3364267.454",
        "s120_x254287.293_y3364227.454",
        "s200_x254297.293_y3364207.454"
      ],
      "topk_tile_ids": [
        "s200_x254297.293_y3364207.454",
        "s200_x254689.058_y3364504.565",
        "s200_x254716.545_y3366022.637",
        "s200_x254311.063_y3364516.491",
        "s200_x254461.063_y3364516.491",
        "s200_x254866.545_y3366022.637",
        "s200_x254297.293_y3364357.454",
        "s200_x254447.293_y3364207.454",
        "s200_x254716.545_y3365872.637",
        "s200_x253660.673_y3366046.519"
      ],
      "hit@1": true,
      "hit@5": true,
      "hit@10": true,
      "reciprocal_rank": 1.0,
      "top1_error_m": 37.985357645487206
    },
    {
      "query_id": "q_200m_03",
      "truth_tile_ids": [
        "s80_x254327.293_y3364387.454",
        "s80_x254387.293_y3364387.454",
        "s120_x254377.293_y3364407.454",
        "s200_x254297.293_y3364357.454",
        "s200_x254447.293_y3364357.454"
      ],
      "topk_tile_ids": [
        "s200_x254689.058_y3364504.565",
        "s200_x254716.545_y3366022.637",
        "s200_x254447.293_y3364057.454",
        "s200_x254866.545_y3366022.637",
        "s200_x254839.058_y3364804.565",
        "s200_x254716.545_y3365872.637",
        "s200_x254689.058_y3364654.565",
        "s200_x254716.545_y3365722.637",
        "s200_x254311.063_y3364516.491",
        "s200_x254297.293_y3364357.454"
      ],
      "hit@1": false,
      "hit@5": false,
      "hit@10": true,
      "reciprocal_rank": 0.1,
      "top1_error_m": 343.72514523154206
    },
    {
      "query_id": "q_200m_04",
      "truth_tile_ids": [
        "s120_x254661.063_y3364476.491",
        "s200_x254611.063_y3364516.491",
        "s80_x254689.058_y3364444.565",
        "s80_x254689.058_y3364504.565",
        "s120_x254649.058_y3364464.565",
        "s120_x254739.058_y3364464.565",
        "s200_x254689.058_y3364504.565",
        "s200_x254597.293_y3364507.454",
        "s200_x254675.317_y3364495.530"
      ],
      "topk_tile_ids": [
        "s200_x254689.058_y3364504.565",
        "s200_x254716.545_y3366022.637",
        "s200_x254839.058_y3364804.565",
        "s200_x254447.293_y3364057.454",
        "s200_x254866.545_y3366022.637",
        "s200_x254689.058_y3364654.565",
        "s200_x254839.058_y3364654.565",
        "s200_x254716.545_y3365722.637",
        "s200_x254716.545_y3365872.637",
        "s200_x254447.293_y3364207.454"
      ],
      "hit@1": true,
      "hit@5": true,
      "hit@10": true,
      "reciprocal_rank": 1.0,
      "top1_error_m": 24.10987557005712
    },
    {
      "query_id": "q_200m_05",
      "truth_tile_ids": [
        "s80_x254507.293_y3364207.454",
        "s80_x254507.293_y3364267.454",
        "s120_x254467.293_y3364227.454",
        "s120_x254557.293_y3364227.454",
        "s200_x254447.293_y3364207.454",
        "s200_x254597.293_y3364207.454"
      ],
      "topk_tile_ids": [
        "s200_x254689.058_y3364504.565",
        "s200_x254447.293_y3364207.454",
        "s200_x254447.293_y3364057.454",
        "s200_x254716.545_y3366022.637",
        "s200_x254839.058_y3364804.565",
        "s200_x254311.063_y3364516.491",
        "s200_x254839.058_y3364654.565",
        "s200_x254461.063_y3364516.491",
        "s200_x254716.545_y3365872.637",
        "s200_x254866.545_y3366022.637"
      ],
      "hit@1": false,
      "hit@5": true,
      "hit@10": true,
      "reciprocal_rank": 0.5,
      "top1_error_m": 311.8827763922853
    }
  ]
}