{
  "top_k": 10,
  "query_count": 5,
  "recall@1": 0.6,
  "recall@5": 1.0,
  "recall@10": 1.0,
  "mrr": 0.75,
  "top1_error_m_mean": 353.16195126963123,
  "hit_count@1": 3,
  "hit_count@5": 5,
  "hit_count@10": 5,
  "per_query": [
    {
      "query_id": "q_200m_01",
      "truth_tile_ids": [
        "s80_x254221.063_y3364456.491",
        "s120_x254211.063_y3364476.491",
        "s200_x254161.063_y3364516.491",
        "s80_x254207.293_y3364447.454",
        "s120_x254197.293_y3364407.454",
        "s200_x254147.293_y3364357.454",
        "s200_x254147.293_y3364507.454",
        "s200_x254297.293_y3364357.454",
        "s200_x254297.293_y3364507.454"
      ],
      "topk_tile_ids": [
        "s120_x254211.063_y3364476.491",
        "s200_x254461.063_y3364966.491",
        "s120_x254481.063_y3364926.491",
        "s120_x254391.063_y3364926.491",
        "s120_x254662.800_y3365073.601",
        "s120_x254584.835_y3365085.528",
        "s120_x254494.835_y3365175.528",
        "s120_x255654.480_y3365670.735",
        "s200_x254161.063_y3364516.491",
        "s80_x254221.063_y3364456.491"
      ],
      "hit@1": true,
      "hit@5": true,
      "hit@10": true,
      "reciprocal_rank": 1.0,
      "top1_error_m": 41.44807246964358
    },
    {
      "query_id": "q_200m_02",
      "truth_tile_ids": [
        "s80_x254207.293_y3364267.454",
        "s120_x254197.293_y3364227.454",
        "s120_x254197.293_y3364317.454",
        "s200_x254147.293_y3364207.454",
        "s200_x254147.293_y3364357.454",
        "s200_x254297.293_y3364207.454",
        "s200_x254297.293_y3364357.454"
      ],
      "topk_tile_ids": [
        "s120_x254211.063_y3364476.491",
        "s120_x254197.293_y3364317.454",
        "s200_x254161.063_y3364516.491",
        "s120_x254662.800_y3365073.601",
        "s200_x254461.063_y3364966.491",
        "s120_x254481.063_y3364926.491",
        "s80_x254221.063_y3364456.491",
        "s120_x254598.610_y3365964.565",
        "s120_x254494.835_y3365175.528",
        "s120_x255654.480_y3365670.735"
      ],
      "hit@1": false,
      "hit@5": true,
      "hit@10": true,
      "reciprocal_rank": 0.5,
      "top1_error_m": 201.04139793501886
    },
    {
      "query_id": "q_200m_03",
      "truth_tile_ids": [
        "s80_x254327.293_y3364327.454",
        "s80_x254327.293_y3364387.454",
        "s80_x254387.293_y3364327.454",
        "s80_x254387.293_y3364387.454",
        "s120_x254377.293_y3364317.454",
        "s120_x254377.293_y3364407.454",
        "s200_x254297.293_y3364357.454",
        "s200_x254447.293_y3364357.454"
      ],
      "topk_tile_ids": [
        "s120_x254377.293_y3364407.454",
        "s200_x254447.293_y3364057.454",
        "s120_x254467.293_y3364137.454",
        "s80_x254387.293_y3364387.454",
        "s120_x254739.058_y3364464.565",
        "s200_x254689.058_y3364504.565",
        "s200_x254866.545_y3366022.637",
        "s120_x254856.545_y3366042.637",
        "s200_x254689.058_y3364804.565",
        "s200_x254839.058_y3364804.565"
      ],
      "hit@1": true,
      "hit@5": true,
      "hit@10": true,
      "reciprocal_rank": 1.0,
      "top1_error_m": 53.460637986411946
    },
    {
      "query_id": "q_200m_04",
      "truth_tile_ids": [
        "s80_x254113.067_y3364828.442",
        "s120_x254133.067_y3364848.442",
        "s200_x254083.067_y3364828.442",
        "s80_x254101.063_y3364816.491",
        "s80_x254161.063_y3364816.491",
        "s120_x254121.063_y3364836.491",
        "s200_x254161.063_y3364816.491"
      ],
      "topk_tile_ids": [
        "s120_x254856.545_y3366042.637",
        "s120_x254377.293_y3364407.454",
        "s200_x254866.545_y3366022.637",
        "s200_x254161.063_y3364816.491",
        "s120_x254467.293_y3364137.454",
        "s120_x254404.835_y3365175.528",
        "s200_x254447.293_y3364057.454",
        "s120_x254649.058_y3364734.565",
        "s80_x254387.293_y3364387.454",
        "s120_x254121.063_y3364926.491"
      ],
      "hit@1": false,
      "hit@5": true,
      "hit@10": true,
      "reciprocal_rank": 0.25,
      "top1_error_m": 1411.7078649233454
    },
    {
      "query_id": "q_200m_05",
      "truth_tile_ids": [
        "s80_x254447.293_y3364087.454",
        "s80_x254447.293_y3364147.454",
        "s120_x254467.293_y3364137.454",
        "s200_x254447.293_y3364057.454",
        "s200_x254447.293_y3364207.454"
      ],
      "topk_tile_ids": [
        "s200_x254447.293_y3364057.454",
        "s120_x254467.293_y3364137.454",
        "s120_x254377.293_y3364407.454",
        "s120_x254467.293_y3364047.454",
        "s120_x254739.058_y3364464.565",
        "s80_x254387.293_y3364387.454",
        "s200_x254689.058_y3364804.565",
        "s120_x254649.058_y3364734.565",
        "s120_x254377.293_y3364047.454",
        "s120_x254404.835_y3365175.528"
      ],
      "hit@1": true,
      "hit@5": true,
      "hit@10": true,
      "reciprocal_rank": 1.0,
      "top1_error_m": 58.151783033736606
    }
  ]
}