{
  "overall": {
    "query_count": 5,
    "recall@1": 0.6,
    "recall@5": 0.8,
    "recall@10": 1.0,
    "mrr": 0.6599999999999999,
    "top1_error_m_mean": 237.06463003569493
  },
  "per_scale": {
    "200": {
      "query_count": 5,
      "recall@1": 0.6,
      "recall@5": 0.8,
      "recall@10": 1.0,
      "mrr": 0.6599999999999999,
      "top1_error_m_mean": 237.06463003569493,
      "top1_hit_queries": [
        "q_200m_02",
        "q_200m_04",
        "q_200m_05"
      ],
      "top5_only_queries": [
        "q_200m_01"
      ]
    }
  },
  "top1_hit_queries": [
    "q_200m_02",
    "q_200m_04",
    "q_200m_05"
  ],
  "top5_only_queries": [
    "q_200m_01"
  ]
}