{
  "overall": {
    "query_count": 5,
    "recall@1": 0.4,
    "recall@5": 0.6,
    "recall@10": 0.6,
    "mrr": 0.4666666666666667,
    "top1_error_m_mean": 236.32744067376916
  },
  "per_scale": {
    "200": {
      "query_count": 5,
      "recall@1": 0.4,
      "recall@5": 0.6,
      "recall@10": 0.6,
      "mrr": 0.4666666666666667,
      "top1_error_m_mean": 236.32744067376916,
      "top1_hit_queries": [
        "q_200m_03",
        "q_200m_04"
      ],
      "top5_only_queries": [
        "q_200m_05"
      ]
    }
  },
  "top1_hit_queries": [
    "q_200m_03",
    "q_200m_04"
  ],
  "top5_only_queries": [
    "q_200m_05"
  ]
}