{
  "overall": {
    "query_count": 5,
    "recall@1": 0.2,
    "recall@5": 0.4,
    "recall@10": 0.8,
    "mrr": 0.36666666666666664,
    "top1_error_m_mean": 370.61315764643666
  },
  "per_scale": {
    "200": {
      "query_count": 5,
      "recall@1": 0.2,
      "recall@5": 0.4,
      "recall@10": 0.8,
      "mrr": 0.36666666666666664,
      "top1_error_m_mean": 370.61315764643666,
      "top1_hit_queries": [
        "q_200m_05"
      ],
      "top5_only_queries": [
        "q_200m_01"
      ]
    }
  },
  "top1_hit_queries": [
    "q_200m_05"
  ],
  "top5_only_queries": [
    "q_200m_01"
  ]
}