flight_id,query_count,horizontal_error_m_mean,spatial_error_m_mean,view_dir_angle_error_deg_mean,yaw_error_deg_mean,pitch_error_deg_mean,roll_error_deg_mean
DJI_202510311347_009_新建面状航线1,4,5.645531500000001,5.781237000000001,1.0279105,51.882604750000006,1.0279105,51.70393125
DJI_202510311413_010_新建面状航线1,1,7.612967,7.805317,0.669423,87.076474,0.669423,86.819571
