{
  "pooling": "mean",
  "feature_timing": {
    "count": 5,
    "mean_ms": 1938.6723937932402,
    "median_ms": 1930.8799419086426,
    "p90_ms": 1995.1845260802656
  },
  "retrieval_timing": {
    "count": 5,
    "mean_ms": 1.0783844627439976,
    "median_ms": 0.7847470697015524,
    "p90_ms": 2.101226942613721
  },
  "total_timing": {
    "count": 5,
    "mean_ms": 1939.754158584401,
    "median_ms": 1932.9848689958453,
    "p90_ms": 1995.9287699311972
  }
}