query_id,feature_ms,retrieval_ms,total_ms
q_200m_01,1954.452539794147,1.8125150818377733,1956.268654903397
q_200m_02,1995.8197711966932,2.833880018442869,1998.657451942563
q_200m_03,1983.7578050792217,0.7344468031078577,1984.4945520162582
q_200m_04,2000.1010040286928,0.7219461258500814,2000.8250509854406
q_200m_05,1994.9938950594515,0.7388468366116285,1995.7348417956382
