{
  "pooling": "mean",
  "feature_timing": {
    "count": 5,
    "mean_ms": 1985.8250030316412,
    "median_ms": 1994.9938950594515,
    "p90_ms": 2000.1010040286928
  },
  "retrieval_timing": {
    "count": 5,
    "mean_ms": 1.368326973170042,
    "median_ms": 0.7388468366116285,
    "p90_ms": 2.833880018442869
  },
  "total_timing": {
    "count": 5,
    "mean_ms": 1987.1961103286594,
    "median_ms": 1995.7348417956382,
    "p90_ms": 2000.8250509854406
  }
}