query_id,feature_ms,retrieval_ms,total_ms
q_200m_01,1930.8799419086426,2.101226942613721,1932.9848689958453
q_200m_02,1913.060765946284,0.7847470697015524,1913.848313037306
q_200m_03,1936.3562879152596,1.0314611718058586,1937.391950050369
q_200m_04,1917.8804471157491,0.7334430702030659,1918.6168909072876
q_200m_05,1995.1845260802656,0.7410440593957901,1995.9287699311972
