{
  "pooling": "mean",
  "feature_timing": {
    "count": 5,
    "mean_ms": 1886.8817019741982,
    "median_ms": 1884.4841429963708,
    "p90_ms": 1954.275815980509
  },
  "retrieval_timing": {
    "count": 5,
    "mean_ms": 1.181639777496457,
    "median_ms": 0.7615280337631702,
    "p90_ms": 2.8453869745135307
  },
  "total_timing": {
    "count": 5,
    "mean_ms": 1888.0658017471433,
    "median_ms": 1885.232969885692,
    "p90_ms": 1955.0399440340698
  }
}