query_id,feature_ms,retrieval_ms,total_ms
q_200m_01,1856.3170521520078,2.4725019466131926,1858.7931541260332
q_200m_02,1993.5974581167102,0.8077339734882116,1994.4085921160877
q_200m_03,1950.4235768690705,0.7046291138976812,1951.130606001243
q_200m_04,1935.543762985617,0.7336300332099199,1936.2803930416703
q_200m_05,1921.8831539619714,0.7065259851515293,1922.5922799669206
