{
  "pooling": "mean",
  "feature_timing": {
    "count": 5,
    "mean_ms": 1931.5530008170754,
    "median_ms": 1935.543762985617,
    "p90_ms": 1993.5974581167102
  },
  "retrieval_timing": {
    "count": 5,
    "mean_ms": 1.085004210472107,
    "median_ms": 0.7336300332099199,
    "p90_ms": 2.4725019466131926
  },
  "total_timing": {
    "count": 5,
    "mean_ms": 1932.641005050391,
    "median_ms": 1936.2803930416703,
    "p90_ms": 1994.4085921160877
  }
}