query_id,feature_ms,retrieval_ms,total_ms
q_200m_01,1886.5814378950745,2.8453869745135307,1889.4301250111312
q_200m_02,1954.275815980509,0.7615280337631702,1955.0399440340698
q_200m_03,1872.2279979847372,0.8192299865186214,1873.049127869308
q_200m_04,1884.4841429963708,0.7465269882231951,1885.232969885692
q_200m_05,1836.8391150142998,0.735526904463768,1837.5768419355154
