flight_id,query_count,horizontal_error_m_mean,spatial_error_m_mean,view_dir_angle_error_deg_mean,yaw_error_deg_mean,pitch_error_deg_mean,roll_error_deg_mean
DJI_202510311347_009_新建面状航线1,4,3.49764125,3.56243325,0.86786325,56.08612225,0.86786325,56.019318000000005
DJI_202510311413_010_新建面状航线1,1,1.375906,1.388472,0.934615,7.483291,0.934615,7.820523
