flight_id,query_count,phase_corr_error_m_mean,center_offset_m_mean,ortho_iou_mean,ssim_mean
DJI_202510311347_009_新建面状航线1,4,0.0250745,33.4406655,0.863695,0.00584925
DJI_202510311413_010_新建面状航线1,1,0.019993,28.681493,0.86444,0.041782
