flight_id,query_count,horizontal_error_m_mean,spatial_error_m_mean,view_dir_angle_error_deg_mean,yaw_error_deg_mean,pitch_error_deg_mean,roll_error_deg_mean
DJI_202510311347_009_新建面状航线1,20,1.95897475,2.0186157000000002,0.2806481,13.300369800000002,0.1991172,13.2986357
DJI_202510311413_010_新建面状航线1,20,43.9693841,44.94089820000001,3.7746849499999997,19.1257667,3.6800523999999997,19.02340435
