{
  "query_count": 40,
  "evaluated_query_count": 40,
  "phase_corr_error_m": {
    "mean": 0.76722425,
    "median": 0.431705,
    "p90": 2.0462238000000004
  },
  "center_offset_m": {
    "mean": 13.187351775,
    "median": 8.171623499999999,
    "p90": 28.316778400000008
  },
  "ortho_iou": {
    "mean": 0.7289298000000001,
    "median": 0.7423765,
    "p90": 0.7662141
  },
  "ssim": {
    "mean": 0.595831075,
    "median": 0.6050059999999999,
    "p90": 0.6821974000000001
  },
  "eval_status_counts": {
    "ok": 40
  },
  "generated_at_unix": 1775833272.7942758
}