flight_id,query_count,phase_corr_error_m_mean,center_offset_m_mean,ortho_iou_mean,ssim_mean
DJI_202510311347_009_新建面状航线1,20,0.7669985,9.4378414,0.7427359000000001,0.6019745499999999
DJI_202510311413_010_新建面状航线1,20,0.7674499999999999,16.93686215,0.7151237000000001,0.5896875999999999
