flight_id,query_count,phase_corr_error_m_mean,center_offset_m_mean,ortho_iou_mean,ssim_mean
DJI_202510311347_009_新建面状航线1,4,0.0818335,3.823549,0.7424215,0.7123535
DJI_202510311413_010_新建面状航线1,1,0.110659,5.998234,0.767135,0.787679
