{
  "overall": {
    "query_count": 5,
    "recall@1": 0.2,
    "recall@5": 0.2,
    "recall@10": 0.8,
    "mrr": 0.2819047619047619,
    "top1_error_m_mean": 311.6954303990913
  },
  "per_scale": {
    "200": {
      "query_count": 5,
      "recall@1": 0.2,
      "recall@5": 0.2,
      "recall@10": 0.8,
      "mrr": 0.2819047619047619,
      "top1_error_m_mean": 311.6954303990913,
      "top1_hit_queries": [
        "q_200m_05"
      ],
      "top5_only_queries": []
    }
  },
  "top1_hit_queries": [
    "q_200m_05"
  ],
  "top5_only_queries": []
}