{
  "overall": {
    "query_count": 5,
    "recall@1": 0.4,
    "recall@5": 1.0,
    "recall@10": 1.0,
    "mrr": 0.64,
    "top1_error_m_mean": 211.91996394566863
  },
  "per_scale": {
    "200": {
      "query_count": 5,
      "recall@1": 0.4,
      "recall@5": 1.0,
      "recall@10": 1.0,
      "mrr": 0.64,
      "top1_error_m_mean": 211.91996394566863,
      "top1_hit_queries": [
        "q_200m_02",
        "q_200m_04"
      ],
      "top5_only_queries": [
        "q_200m_01",
        "q_200m_03",
        "q_200m_05"
      ]
    }
  },
  "top1_hit_queries": [
    "q_200m_02",
    "q_200m_04"
  ],
  "top5_only_queries": [
    "q_200m_01",
    "q_200m_03",
    "q_200m_05"
  ]
}