{
  "top_k": 10,
  "query_count": 5,
  "recall@1": 0.2,
  "recall@5": 0.4,
  "recall@10": 0.6,
  "mrr": 0.2733333333333333,
  "top1_error_m_mean": 466.346288895428,
  "hit_count@1": 1,
  "hit_count@5": 2,
  "hit_count@10": 3,
  "per_query": [
    {
      "query_id": "q_200m_01",
      "truth_tile_ids": [
        "s80_x254207.293_y3364387.454",
        "s120_x254197.293_y3364407.454",
        "s200_x254147.293_y3364357.454",
        "s200_x254297.293_y3364357.454"
      ],
      "topk_tile_ids": [
        "s80_x254656.545_y3365842.637",
        "s80_x254615.317_y3364375.530",
        "s120_x254676.545_y3365862.637",
        "s80_x254615.317_y3364255.530",
        "s120_x255654.480_y3365670.735",
        "s80_x254053.067_y3364768.442",
        "s80_x254615.317_y3364195.530",
        "s80_x254656.545_y3365902.637",
        "s120_x254598.610_y3365964.565",
        "s120_x254557.293_y3364227.454"
      ],
      "hit@1": false,
      "hit@5": false,
      "hit@10": false,
      "reciprocal_rank": 0.0,
      "top1_error_m": 1511.12302573975
    },
    {
      "query_id": "q_200m_02",
      "truth_tile_ids": [
        "s80_x254267.293_y3364207.454",
        "s80_x254267.293_y3364267.454",
        "s120_x254287.293_y3364227.454",
        "s200_x254297.293_y3364207.454"
      ],
      "topk_tile_ids": [
        "s120_x254287.293_y3364137.454",
        "s120_x254481.063_y3364476.491",
        "s80_x254267.293_y3364147.454",
        "s120_x254676.545_y3365952.637",
        "s120_x254649.058_y3364464.565",
        "s120_x254301.063_y3364476.491",
        "s80_x254447.293_y3364387.454",
        "s120_x254481.063_y3364926.491",
        "s120_x254739.058_y3364464.565",
        "s80_x254507.293_y3364207.454"
      ],
      "hit@1": false,
      "hit@5": false,
      "hit@10": false,
      "reciprocal_rank": 0.0,
      "top1_error_m": 104.52160625306456
    },
    {
      "query_id": "q_200m_03",
      "truth_tile_ids": [
        "s80_x254327.293_y3364387.454",
        "s80_x254387.293_y3364387.454",
        "s120_x254377.293_y3364407.454",
        "s200_x254297.293_y3364357.454",
        "s200_x254447.293_y3364357.454"
      ],
      "topk_tile_ids": [
        "s200_x254689.058_y3364504.565",
        "s120_x254739.058_y3364464.565",
        "s120_x254739.058_y3364554.565",
        "s200_x254716.545_y3366022.637",
        "s80_x254387.293_y3364387.454",
        "s120_x254404.835_y3365175.528",
        "s120_x254467.293_y3364137.454",
        "s120_x254649.058_y3364554.565",
        "s120_x254676.545_y3365952.637",
        "s80_x254447.293_y3364387.454"
      ],
      "hit@1": false,
      "hit@5": true,
      "hit@10": true,
      "reciprocal_rank": 0.2,
      "top1_error_m": 343.72514523154206
    },
    {
      "query_id": "q_200m_04",
      "truth_tile_ids": [
        "s120_x254661.063_y3364476.491",
        "s200_x254611.063_y3364516.491",
        "s80_x254689.058_y3364444.565",
        "s80_x254689.058_y3364504.565",
        "s120_x254649.058_y3364464.565",
        "s120_x254739.058_y3364464.565",
        "s200_x254689.058_y3364504.565",
        "s200_x254597.293_y3364507.454",
        "s200_x254675.317_y3364495.530"
      ],
      "topk_tile_ids": [
        "s120_x254739.058_y3364464.565",
        "s120_x254467.293_y3364137.454",
        "s120_x254739.058_y3364554.565",
        "s120_x254467.293_y3364047.454",
        "s200_x254689.058_y3364504.565",
        "s80_x254387.293_y3364387.454",
        "s120_x254919.058_y3364824.565",
        "s80_x254447.293_y3364387.454",
        "s120_x254856.545_y3366042.637",
        "s200_x254716.545_y3366022.637"
      ],
      "hit@1": true,
      "hit@5": true,
      "hit@10": true,
      "reciprocal_rank": 1.0,
      "top1_error_m": 60.47889086049798
    },
    {
      "query_id": "q_200m_05",
      "truth_tile_ids": [
        "s80_x254507.293_y3364207.454",
        "s80_x254507.293_y3364267.454",
        "s120_x254467.293_y3364227.454",
        "s120_x254557.293_y3364227.454",
        "s200_x254447.293_y3364207.454",
        "s200_x254597.293_y3364207.454"
      ],
      "topk_tile_ids": [
        "s200_x254689.058_y3364504.565",
        "s120_x254467.293_y3364137.454",
        "s120_x254739.058_y3364464.565",
        "s120_x254739.058_y3364554.565",
        "s120_x254404.835_y3365175.528",
        "s200_x254447.293_y3364207.454",
        "s200_x254447.293_y3364057.454",
        "s80_x254267.293_y3364147.454",
        "s200_x254716.545_y3366022.637",
        "s120_x254829.058_y3364644.565"
      ],
      "hit@1": false,
      "hit@5": false,
      "hit@10": true,
      "reciprocal_rank": 0.16666666666666666,
      "top1_error_m": 311.8827763922853
    }
  ]
}