flight_id,query_count,phase_corr_error_m_mean,center_offset_m_mean,ortho_iou_mean,ssim_mean
DJI_202510311347_009_新建面状航线1,20,0.12835180000000002,5.88667205,0.7398976,0.7858649
DJI_202510311413_010_新建面状航线1,19,0.11167184210526318,5.417089315789474,0.7423961578947368,0.7712304210526316
