flight_id,query_count,horizontal_error_m_mean,spatial_error_m_mean,view_dir_angle_error_deg_mean,yaw_error_deg_mean,pitch_error_deg_mean,roll_error_deg_mean
DJI_202510311347_009_新建面状航线1,20,6.90523515,7.096241649999999,0.8346101500000002,30.8582104,0.5959133500000001,30.8724418
DJI_202510311413_010_新建面状航线1,20,6.432616349999999,7.01890785,0.8325314,34.592571549999995,0.5707812,34.5993506
