flight_id,query_count,tiepoint_xy_error_mean_m,tiepoint_xy_error_median_m,tiepoint_xy_error_rmse_m,tiepoint_xy_error_p90_m,tiepoint_match_count_mean,tiepoint_inlier_ratio_mean
DJI_202510311347_009_新建面状航线1,10,3.14992504743289,2.437984,3.9663690027741403,6.727068,811.2,0.4697172
DJI_202510311413_010_新建面状航线1,10,5.202139539517109,3.070452,7.587953331048109,13.039561,981.6,0.5596146
DJI_202510311435_011_新建面状航线1,9,4.113915238487568,2.844149,5.33301651781288,8.865809200000005,1400.7777777777778,0.5257896666666667
DJI_202510311500_012_新建面状航线1,10,3.23318664863459,2.6064109999999996,4.180432198143788,5.984921100000001,1120.4,0.6525236000000001
