flight_id,query_count,horizontal_error_m_mean,spatial_error_m_mean,view_dir_angle_error_deg_mean,yaw_error_deg_mean,pitch_error_deg_mean,roll_error_deg_mean
DJI_202510311347_009_新建面状航线1,4,2.52372525,2.5715095,0.80697575,31.218775750000002,0.80697575,30.699999500000004
DJI_202510311413_010_新建面状航线1,1,0.170401,0.548866,0.739892,15.421515,0.739892,15.794929
