{
  "flight_ids": [
    "DJI_202510311347_009_新建面状航线1",
    "DJI_202510311413_010_新建面状航线1",
    "DJI_202510311435_011_新建面状航线1",
    "DJI_202510311500_012_新建面状航线1"
  ],
  "satellite_crs": "EPSG:32650",
  "point_count": 1094,
  "roi_bounds": [
    253111.04000885546,
    3363179.3123517805,
    255950.56246998772,
    3366007.1893944405
  ],
  "tile_sizes_m": [
    80.0,
    120.0,
    200.0,
    300.0
  ],
  "overlap": 0.25,
  "resize": 0,
  "image_resolution_mode": "native"
}