flight_id,short_flight_id,query_count,ok_count,phase_corr_error_m_mean,center_offset_m_mean,ortho_iou_mean,ssim_mean
DJI_202510311347_009_新建面状航线1,009,20,20,0.20792375000000002,27.675386250000003,0.7915208999999999,0.4798107999999999
DJI_202510311413_010_新建面状航线1,010,20,20,0.17579035,35.182328999999996,0.7560114,0.3700991
