{
  "flights": [
    {
      "flight_id": "DJI_202510311347_009_新建面状航线1",
      "query_count": 5,
      "recall@1": 0.4,
      "recall@5": 0.6,
      "recall@10": 1.0,
      "mrr": 0.513888888888889,
      "top1_error_m_mean": 672.4744017888603
    },
    {
      "flight_id": "DJI_202510311413_010_新建面状航线1",
      "query_count": 5,
      "recall@1": 0.2,
      "recall@5": 0.6,
      "recall@10": 0.8,
      "mrr": 0.4,
      "top1_error_m_mean": 250.47572681149904
    },
    {
      "flight_id": "DJI_202510311435_011_新建面状航线1",
      "query_count": 5,
      "recall@1": 0.0,
      "recall@5": 0.0,
      "recall@10": 0.6,
      "mrr": 0.08888888888888888,
      "top1_error_m_mean": 505.8349181229511
    },
    {
      "flight_id": "DJI_202510311500_012_新建面状航线1",
      "query_count": 5,
      "recall@1": 0.4,
      "recall@5": 0.8,
      "recall@10": 1.0,
      "mrr": 0.62,
      "top1_error_m_mean": 267.8767439781985
    }
  ]
}