flight_id,query_count,horizontal_error_m_mean,spatial_error_m_mean,view_dir_angle_error_deg_mean,yaw_error_deg_mean,pitch_error_deg_mean,roll_error_deg_mean
DJI_202510311347_009_新建面状航线1,20,8.537156,17.25091,1.2004404,45.87163940000001,0.8650789499999998,45.88689785
DJI_202510311413_010_新建面状航线1,20,10.90893805,18.3511562,1.4938533499999997,46.15930155,1.18660635,46.07152810000001
