flight_id,query_count,horizontal_error_m_mean,spatial_error_m_mean,view_dir_angle_error_deg_mean,yaw_error_deg_mean,pitch_error_deg_mean,roll_error_deg_mean
DJI_202510311347_009_新建面状航线1,20,9.032980150000002,17.220469950000002,1.2505206,52.5586966,0.8942214499999999,52.614940649999994
DJI_202510311413_010_新建面状航线1,20,9.297828599999999,17.904120499999998,1.29073665,49.12881495,0.92615105,49.171744499999996
