flight_id,query_count,phase_corr_error_m_mean,center_offset_m_mean,ortho_iou_mean,ssim_mean
DJI_202510311347_009_新建面状航线1,4,0.07548375,3.784917,0.7418420000000001,0.7305635
DJI_202510311413_010_新建面状航线1,1,0.162231,5.516653,0.767807,0.776323
