{
  "pooling": "mean",
  "feature_timing": {
    "count": 5,
    "mean_ms": 3125.1650070771575,
    "median_ms": 3109.13106193766,
    "p90_ms": 3214.9467901326716
  },
  "retrieval_timing": {
    "count": 5,
    "mean_ms": 0.40646474808454514,
    "median_ms": 0.15560886822640896,
    "p90_ms": 1.4572888612747192
  },
  "total_timing": {
    "count": 5,
    "mean_ms": 3125.573812192306,
    "median_ms": 3109.2515690252185,
    "p90_ms": 3215.090099023655
  }
}