{
  "pooling": "mean",
  "feature_timing": {
    "count": 5,
    "mean_ms": 3232.0332780014724,
    "median_ms": 3342.3880899790674,
    "p90_ms": 3421.011565020308
  },
  "retrieval_timing": {
    "count": 5,
    "mean_ms": 0.5392133258283138,
    "median_ms": 0.1481079962104559,
    "p90_ms": 2.140627009794116
  },
  "total_timing": {
    "count": 5,
    "mean_ms": 3232.5745314359665,
    "median_ms": 3342.5379982218146,
    "p90_ms": 3421.1348749231547
  }
}