query_id,feature_ms,retrieval_ms,total_ms
q_200m_01,2825.4947629757226,1.5631699934601784,2827.061033109203
q_200m_02,2751.894573913887,0.15650689601898193,2752.053380943835
q_200m_03,2875.278177903965,0.1342128962278366,2875.4149910528213
q_200m_04,2784.196540946141,0.1342128962278366,2784.3328539747745
q_200m_05,2761.5493298508227,0.14921301044523716,2761.7024439387023
