query_id,feature_ms,retrieval_ms,total_ms
q_200m_01,3352.305510081351,2.140627009794116,3354.4492369983345
q_200m_02,3342.3880899790674,0.1481079962104559,3342.5379982218146
q_200m_03,3421.011565020308,0.12160977348685265,3421.1348749231547
q_200m_04,2981.111183995381,0.16271299682557583,2981.2758970074356
q_200m_05,3063.3500409312546,0.12300885282456875,3063.474650029093
