{
  "pooling": "mean",
  "feature_timing": {
    "count": 5,
    "mean_ms": 3318.7845641747117,
    "median_ms": 3329.2001779191196,
    "p90_ms": 3462.7970249857754
  },
  "retrieval_timing": {
    "count": 5,
    "mean_ms": 1.0255971923470497,
    "median_ms": 0.16091205179691315,
    "p90_ms": 4.043705994263291
  },
  "total_timing": {
    "count": 5,
    "mean_ms": 3319.8122614994645,
    "median_ms": 3329.318485921249,
    "p90_ms": 3462.9602369386703
  }
}