{
  "pooling": "mean",
  "feature_timing": {
    "count": 5,
    "mean_ms": 2799.6826771181077,
    "median_ms": 2784.196540946141,
    "p90_ms": 2875.278177903965
  },
  "retrieval_timing": {
    "count": 5,
    "mean_ms": 0.42746313847601414,
    "median_ms": 0.14921301044523716,
    "p90_ms": 1.5631699934601784
  },
  "total_timing": {
    "count": 5,
    "mean_ms": 2800.112940603867,
    "median_ms": 2784.3328539747745,
    "p90_ms": 2875.4149910528213
  }
}