query_id,feature_ms,retrieval_ms,total_ms
q_200m_01,3047.9502689559013,1.4572888612747192,3049.4109590072185
q_200m_02,3075.6800181698054,0.15950994566082954,3075.8415278978646
q_200m_03,3214.9467901326716,0.1410089898854494,3215.090099023655
q_200m_04,3109.13106193766,0.11890707537531853,3109.2515690252185
q_200m_05,3178.1168961897492,0.15560886822640896,3178.274906007573
