query_id,feature_ms,retrieval_ms,total_ms
q_200m_01,3199.0113558713347,4.043705994263291,3203.058262821287
q_200m_02,3462.7970249857754,0.16091205179691315,3462.9602369386703
q_200m_03,3224.210621090606,0.6668500136584044,3224.8797710053623
q_200m_04,3378.703641006723,0.13930979184806347,3378.8445508107543
q_200m_05,3329.2001779191196,0.11720811016857624,3329.318485921249
