{
  "overall": {
    "query_count": 5,
    "recall@1": 0.0,
    "recall@5": 0.0,
    "recall@10": 0.6,
    "mrr": 0.08888888888888888,
    "top1_error_m_mean": 505.8349181229511
  },
  "per_scale": {
    "200": {
      "query_count": 5,
      "recall@1": 0.0,
      "recall@5": 0.0,
      "recall@10": 0.6,
      "mrr": 0.08888888888888888,
      "top1_error_m_mean": 505.8349181229511,
      "top1_hit_queries": [],
      "top5_only_queries": []
    }
  },
  "top1_hit_queries": [],
  "top5_only_queries": []
}