{
  "overall": {
    "query_count": 5,
    "recall@1": 0.4,
    "recall@5": 0.6,
    "recall@10": 1.0,
    "mrr": 0.513888888888889,
    "top1_error_m_mean": 672.4744017888603
  },
  "per_scale": {
    "200": {
      "query_count": 5,
      "recall@1": 0.4,
      "recall@5": 0.6,
      "recall@10": 1.0,
      "mrr": 0.513888888888889,
      "top1_error_m_mean": 672.4744017888603,
      "top1_hit_queries": [
        "q_200m_04",
        "q_200m_05"
      ],
      "top5_only_queries": [
        "q_200m_01"
      ]
    }
  },
  "top1_hit_queries": [
    "q_200m_04",
    "q_200m_05"
  ],
  "top5_only_queries": [
    "q_200m_01"
  ]
}