flight_id,query_count,phase_corr_error_m_mean,center_offset_m_mean,ortho_iou_mean,ssim_mean
DJI_202510311347_009_新建面状航线1,4,0.1094685,4.130511,0.742558,0.7536955
DJI_202510311413_010_新建面状航线1,1,0.115509,5.447391,0.762393,0.777422
