{
  "top_k": 10,
  "query_count": 5,
  "recall@1": 0.0,
  "recall@5": 0.4,
  "recall@10": 1.0,
  "mrr": 0.25555555555555554,
  "top1_error_m_mean": 802.7538294731559,
  "hit_count@1": 0,
  "hit_count@5": 2,
  "hit_count@10": 5,
  "per_query": [
    {
      "query_id": "q_200m_01",
      "truth_tile_ids": [
        "s80_x254207.293_y3364387.454",
        "s120_x254197.293_y3364407.454",
        "s200_x254147.293_y3364357.454",
        "s200_x254297.293_y3364357.454"
      ],
      "topk_tile_ids": [
        "s200_x254638.610_y3365734.565",
        "s200_x255694.480_y3365710.735",
        "s200_x254461.063_y3364966.491",
        "s200_x254638.610_y3366034.565",
        "s200_x254638.610_y3365884.565",
        "s200_x254147.293_y3364357.454",
        "s200_x254474.835_y3365125.528",
        "s200_x254297.293_y3364507.454",
        "s200_x255152.800_y3365413.601",
        "s200_x254624.835_y3365125.528"
      ],
      "hit@1": false,
      "hit@5": false,
      "hit@10": true,
      "reciprocal_rank": 0.16666666666666666,
      "top1_error_m": 1402.7569424747373
    },
    {
      "query_id": "q_200m_02",
      "truth_tile_ids": [
        "s80_x254267.293_y3364207.454",
        "s80_x254267.293_y3364267.454",
        "s120_x254287.293_y3364227.454",
        "s200_x254297.293_y3364207.454"
      ],
      "topk_tile_ids": [
        "s200_x254297.293_y3364357.454",
        "s200_x254461.063_y3364966.491",
        "s200_x254311.063_y3364516.491",
        "s200_x254638.610_y3366034.565",
        "s200_x254611.063_y3364516.491",
        "s200_x254297.293_y3364207.454",
        "s200_x254297.293_y3364057.454",
        "s200_x254716.545_y3366022.637",
        "s200_x254161.063_y3364516.491",
        "s200_x254689.058_y3364504.565"
      ],
      "hit@1": false,
      "hit@5": false,
      "hit@10": true,
      "reciprocal_rank": 0.16666666666666666,
      "top1_error_m": 116.80107246475926
    },
    {
      "query_id": "q_200m_03",
      "truth_tile_ids": [
        "s80_x254327.293_y3364387.454",
        "s80_x254387.293_y3364387.454",
        "s120_x254377.293_y3364407.454",
        "s200_x254297.293_y3364357.454",
        "s200_x254447.293_y3364357.454"
      ],
      "topk_tile_ids": [
        "s200_x254866.545_y3366022.637",
        "s200_x254447.293_y3364057.454",
        "s200_x254689.058_y3364504.565",
        "s200_x254689.058_y3364804.565",
        "s200_x254839.058_y3364804.565",
        "s200_x254716.545_y3366022.637",
        "s200_x254083.067_y3364828.442",
        "s200_x254689.058_y3364654.565",
        "s200_x254447.293_y3364357.454",
        "s200_x254461.063_y3364966.491"
      ],
      "hit@1": false,
      "hit@5": false,
      "hit@10": true,
      "reciprocal_rank": 0.1111111111111111,
      "top1_error_m": 1697.8297364177367
    },
    {
      "query_id": "q_200m_04",
      "truth_tile_ids": [
        "s120_x254661.063_y3364476.491",
        "s200_x254611.063_y3364516.491",
        "s80_x254689.058_y3364444.565",
        "s80_x254689.058_y3364504.565",
        "s120_x254649.058_y3364464.565",
        "s120_x254739.058_y3364464.565",
        "s200_x254689.058_y3364504.565",
        "s200_x254597.293_y3364507.454",
        "s200_x254675.317_y3364495.530"
      ],
      "topk_tile_ids": [
        "s200_x254447.293_y3364057.454",
        "s200_x254866.545_y3366022.637",
        "s200_x254689.058_y3364504.565",
        "s200_x254716.545_y3366022.637",
        "s200_x254689.058_y3364804.565",
        "s200_x254839.058_y3364804.565",
        "s200_x254597.293_y3364207.454",
        "s200_x254083.067_y3364828.442",
        "s200_x254461.063_y3364966.491",
        "s200_x254675.317_y3364345.530"
      ],
      "hit@1": false,
      "hit@5": true,
      "hit@10": true,
      "reciprocal_rank": 0.3333333333333333,
      "top1_error_m": 484.4986196162602
    },
    {
      "query_id": "q_200m_05",
      "truth_tile_ids": [
        "s80_x254507.293_y3364207.454",
        "s80_x254507.293_y3364267.454",
        "s120_x254467.293_y3364227.454",
        "s120_x254557.293_y3364227.454",
        "s200_x254447.293_y3364207.454",
        "s200_x254597.293_y3364207.454"
      ],
      "topk_tile_ids": [
        "s200_x254689.058_y3364504.565",
        "s200_x254597.293_y3364207.454",
        "s200_x254447.293_y3364357.454",
        "s200_x254689.058_y3364804.565",
        "s200_x254866.545_y3366022.637",
        "s200_x254447.293_y3364207.454",
        "s200_x254447.293_y3364057.454",
        "s200_x254297.293_y3364207.454",
        "s200_x254311.063_y3364516.491",
        "s200_x254297.293_y3364357.454"
      ],
      "hit@1": false,
      "hit@5": true,
      "hit@10": true,
      "reciprocal_rank": 0.5,
      "top1_error_m": 311.8827763922853
    }
  ]
}