flight_id,query_count,tiepoint_xy_error_mean_m,tiepoint_xy_error_median_m,tiepoint_xy_error_rmse_m,tiepoint_xy_error_p90_m,tiepoint_match_count_mean,tiepoint_inlier_ratio_mean
DJI_202510311347_009_新建面状航线1,20,2.612761983208955,2.238097,3.058484770167013,4.582277600000001,1472.3,0.8168620499999999
DJI_202510311413_010_新建面状航线1,20,2.2767728334258983,1.948717,2.6292493086722595,4.140965000000001,1315.05,0.8872980500000001
