flight_id,query_count,horizontal_error_m_mean,spatial_error_m_mean,view_dir_angle_error_deg_mean,yaw_error_deg_mean,pitch_error_deg_mean,roll_error_deg_mean
DJI_202510311347_009_新建面状航线1,4,1.73818925,1.8192512500000002,0.27066,10.29690175,0.21731849999999997,10.29343525
DJI_202510311413_010_新建面状航线1,1,2.194645,2.194895,0.280028,21.365961,0.137259,21.335402
