{
  "overall": {
    "query_count": 5,
    "recall@1": 0.0,
    "recall@5": 0.6,
    "recall@10": 1.0,
    "mrr": 0.25746031746031744,
    "top1_error_m_mean": 404.902218747817
  },
  "per_scale": {
    "200": {
      "query_count": 5,
      "recall@1": 0.0,
      "recall@5": 0.6,
      "recall@10": 1.0,
      "mrr": 0.25746031746031744,
      "top1_error_m_mean": 404.902218747817,
      "top1_hit_queries": [],
      "top5_only_queries": [
        "q_200m_01",
        "q_200m_02",
        "q_200m_05"
      ]
    }
  },
  "top1_hit_queries": [],
  "top5_only_queries": [
    "q_200m_01",
    "q_200m_02",
    "q_200m_05"
  ]
}