query_id,match_index,truth_col_px,truth_row_px,pred_col_px,pred_row_px,truth_x_m,truth_y_m,pred_x_m,pred_y_m,dx_m,dy_m,dxy_m
q_004,0,537.366028,269.201782,538.406921,265.508636,254334.246014,3364126.653109,254334.766461,3364128.499682,0.520447,1.846573,1.918514
q_004,1,561.575378,168.315109,538.406921,265.508636,254346.350689,3364177.096445,254334.766461,3364128.499682,-11.584229,-48.596764,49.958381
q_004,2,594.832581,131.976776,538.406921,265.508636,254362.979290,3364195.265612,254334.766461,3364128.499682,-28.212830,-66.765930,72.482089
q_004,3,868.563538,486.176331,219.278397,361.280731,254499.844769,3364018.165835,254175.202198,3364080.613634,-324.642570,62.447800,330.594202
q_004,4,909.182190,199.622894,681.451111,77.116768,254520.154095,3364161.442553,254406.288555,3364222.695616,-113.865540,61.253063,129.295394
q_004,5,927.355713,37.769833,641.349548,232.892975,254529.240856,3364242.369084,254386.237774,3364144.807513,-143.003082,-97.561571,173.113089
