query_id,match_index,truth_col_px,truth_row_px,pred_col_px,pred_row_px,truth_x_m,truth_y_m,pred_x_m,pred_y_m,dx_m,dy_m,dxy_m
q_007,0,180.512695,727.739563,24.019033,588.873108,253837.524348,3364685.074583,253759.277517,3364754.507811,-78.246831,69.433228,104.611374
q_007,1,234.207932,240.393692,114.626465,370.423370,253864.371966,3364928.747519,253804.581232,3364863.732680,-59.790733,-65.014839,88.328144
q_007,2,234.207932,240.393692,114.626465,370.423370,253864.371966,3364928.747519,253804.581232,3364863.732680,-59.790733,-65.014839,88.328144
q_007,3,372.222351,198.028381,589.774109,268.018066,253933.379176,3364949.930174,254042.155054,3364914.935332,108.775879,-34.994843,114.266490
q_007,4,372.222351,198.028381,589.774109,268.018066,253933.379176,3364949.930174,254042.155054,3364914.935332,108.775879,-34.994843,114.266490
q_007,5,510.182526,592.104736,511.415497,594.580383,254002.359263,3364752.891997,254002.975748,3364751.654173,0.616486,-1.237823,1.382845
q_007,6,511.970551,596.519043,513.319336,599.422180,254003.253275,3364750.684843,254003.927668,3364749.233275,0.674393,-1.451569,1.600580
