query_id,match_index,truth_col_px,truth_row_px,pred_col_px,pred_row_px,truth_x_m,truth_y_m,pred_x_m,pred_y_m,dx_m,dy_m,dxy_m
q_003,0,493.292603,826.330566,783.996216,216.972549,253858.503301,3364482.555717,254003.855108,3364787.234725,145.351807,304.679008,337.574356
q_003,1,541.633057,873.175049,783.996216,216.972549,253882.673528,3364459.133476,254003.855108,3364787.234725,121.181580,328.101250,349.764786
q_003,2,545.415039,871.657837,783.996216,216.972549,253884.564520,3364459.892082,254003.855108,3364787.234725,119.290588,327.342644,348.401279
q_003,3,554.782654,869.063782,783.996216,216.972549,253889.248327,3364461.189109,254003.855108,3364787.234725,114.606781,326.045616,345.601589
q_003,4,558.366577,868.085205,783.996216,216.972549,253891.040289,3364461.678397,254003.855108,3364787.234725,112.814819,325.556328,344.549134
q_003,5,561.622620,906.820190,804.030212,242.957031,253892.668310,3364442.310905,254013.872106,3364774.242484,121.203796,331.931580,353.367986
q_003,6,719.069885,45.072845,783.996216,216.972549,253971.391943,3364873.184577,254003.855108,3364787.234725,32.463165,-85.949852,91.876189
q_003,7,844.909668,165.533905,783.996216,216.972549,254034.311834,3364812.954047,254003.855108,3364787.234725,-30.456726,-25.719322,39.863463
