query_id,match_index,truth_col_px,truth_row_px,pred_col_px,pred_row_px,truth_x_m,truth_y_m,pred_x_m,pred_y_m,dx_m,dy_m,dxy_m
q_005,0,504.748169,482.270996,555.643433,494.804626,254299.916893,3364142.622502,254325.364525,3364136.355687,25.447632,-6.266815,26.207917
q_005,1,504.841003,482.236115,555.643433,494.804626,254299.963310,3364142.639943,254325.364525,3364136.355687,25.401215,-6.284256,26.167032
q_005,2,555.700073,451.082977,555.643433,494.804626,254325.392845,3364158.216511,254325.364525,3364136.355687,-0.028320,-21.860825,21.860843
q_005,3,555.758606,451.036652,555.643433,494.804626,254325.422112,3364158.239674,254325.364525,3364136.355687,-0.057587,-21.883987,21.884063
q_005,4,642.345032,432.574860,555.643433,494.804626,254368.715325,3364167.470570,254325.364525,3364136.355687,-43.350800,-31.114883,53.361295
q_005,5,675.774780,395.561188,555.643433,494.804626,254385.430199,3364185.977406,254325.364525,3364136.355687,-60.065674,-49.621719,77.911490
q_005,6,716.870117,312.389221,555.643433,494.804626,254405.977867,3364227.563389,254325.364525,3364136.355687,-80.613342,-91.207703,121.726562
