query_id,match_index,truth_col_px,truth_row_px,pred_col_px,pred_row_px,truth_x_m,truth_y_m,pred_x_m,pred_y_m,dx_m,dy_m,dxy_m
q_006,0,434.316925,342.328613,246.510803,162.085480,253867.900463,3364877.780058,253773.997402,3364967.901625,-93.903061,90.121567,130.152532
q_006,1,437.941559,360.845215,242.931793,405.493958,253869.712779,3364868.521757,253772.207897,3364846.197386,-97.504883,-22.324371,100.027895
q_006,2,694.895081,73.831413,694.928650,76.158257,253998.189540,3365012.028658,253998.206325,3365010.865236,0.016785,-1.163422,1.163543
q_006,3,694.977417,74.303452,694.928650,76.158257,253998.230708,3365011.792639,253998.206325,3365010.865236,-0.024384,-0.927402,0.927723
q_006,4,712.024109,116.799782,713.233154,117.416405,254006.754054,3364990.544474,254007.358577,3364990.236162,0.604523,-0.308311,0.678604
q_006,5,765.977417,344.418640,786.001953,354.083221,254033.730708,3364876.735045,254043.742977,3364871.902754,10.012268,-4.832291,11.117398
