query_id,match_index,truth_col_px,truth_row_px,pred_col_px,pred_row_px,truth_x_m,truth_y_m,pred_x_m,pred_y_m,dx_m,dy_m,dxy_m
q_002,0,131.055557,440.598083,207.936966,478.265594,253612.741779,3364797.856958,253651.182483,3364779.023203,38.440704,-18.833755,42.806519
q_002,1,131.981140,449.874603,207.936966,478.265594,253613.204570,3364793.218698,253651.182483,3364779.023203,37.977913,-14.195496,40.544222
q_002,2,145.585922,441.291992,207.936966,478.265594,253620.006961,3364797.510004,253651.182483,3364779.023203,31.175522,-18.486801,36.244654
q_002,3,173.582611,639.111206,207.936966,478.265594,253634.005306,3364698.600397,253651.182483,3364779.023203,17.177177,80.422806,82.236750
q_002,4,186.077377,638.407593,207.936966,478.265594,253640.252689,3364698.952204,253651.182483,3364779.023203,10.929794,80.070999,80.813522
q_002,5,398.562256,925.635742,233.012253,475.882568,253746.495128,3364555.338129,253663.720126,3364780.214716,-82.775002,224.876587,239.627169
q_002,6,588.925903,855.859009,496.055573,498.718201,253841.676952,3364590.226496,253795.241786,3364768.796900,-46.435165,178.570404,184.509116
q_002,7,588.925903,855.859009,496.055573,498.718201,253841.676952,3364590.226496,253795.241786,3364768.796900,-46.435165,178.570404,184.509116
q_002,8,986.235535,471.379608,863.079041,743.946472,254040.331767,3364782.466196,253978.753520,3364646.182764,-61.578247,-136.283432,149.549505
