query_id,match_index,truth_col_px,truth_row_px,pred_col_px,pred_row_px,truth_x_m,truth_y_m,pred_x_m,pred_y_m,dx_m,dy_m,dxy_m
q_019,0,39.517975,524.344666,38.356636,524.890625,254233.017987,3364774.818834,254232.437318,3364774.545855,-0.580669,-0.272980,0.641635
q_019,1,317.308838,249.416397,322.053192,250.827377,254371.913419,3364912.282968,254374.285596,3364911.577478,2.372177,-0.705490,2.474862
q_019,2,317.308838,249.416397,322.053192,250.827377,254371.913419,3364912.282968,254374.285596,3364911.577478,2.372177,-0.705490,2.474862
q_019,3,329.659668,373.545929,329.646332,371.852692,254378.088834,3364850.218203,254378.082166,3364851.064821,-0.006668,0.846619,0.846645
q_019,4,335.821777,213.512894,340.532227,213.190689,254381.169889,3364930.234720,254383.525113,3364930.395822,2.355225,0.161102,2.360728
q_019,5,354.096649,236.643860,357.047424,234.516327,254390.307325,3364918.669237,254391.782712,3364919.733004,1.475388,1.063766,1.818892
q_019,6,455.060699,172.023544,459.867859,173.836548,254440.789350,3364950.979395,254443.192929,3364950.072893,2.403580,-0.906502,2.568840
q_019,7,459.960114,201.149307,463.861572,203.931122,254443.239057,3364936.416513,254445.189786,3364935.025606,1.950729,-1.390907,2.395823
q_019,8,549.845642,388.403961,549.010803,389.273590,254488.181821,3364842.789186,254487.764402,3364842.354372,-0.417419,-0.434814,0.602746
