query_id,match_index,truth_col_px,truth_row_px,pred_col_px,pred_row_px,truth_x_m,truth_y_m,pred_x_m,pred_y_m,dx_m,dy_m,dxy_m
q_018,0,406.173645,371.129791,406.700745,370.581360,254351.916823,3364851.426271,254352.180372,3364851.700487,0.263550,0.274216,0.380332
q_018,1,406.173645,371.129791,406.700745,370.581360,254351.916823,3364851.426271,254352.180372,3364851.700487,0.263550,0.274216,0.380332
q_018,2,422.333038,212.943375,422.969208,215.458237,254359.996519,3364930.519480,254360.314604,3364929.262049,0.318085,-1.257431,1.297039
q_018,3,446.054230,249.417755,450.347107,252.101486,254371.857115,3364912.282289,254374.003553,3364910.940424,2.146439,-1.341866,2.531364
q_018,4,464.718262,213.548752,468.105255,214.850616,254381.189131,3364930.216791,254382.882628,3364929.565859,1.693497,-0.650932,1.814289
q_018,5,469.669159,336.293091,471.442108,338.304382,254383.664579,3364868.844622,254384.551054,3364867.838976,0.886475,-1.005646,1.340582
q_018,6,476.114716,236.571396,478.602203,237.921570,254386.887358,3364918.705469,254388.131102,3364918.030382,1.243744,-0.675087,1.415147
q_018,7,476.114716,236.571396,478.602203,237.921570,254386.887358,3364918.705469,254388.131102,3364918.030382,1.243744,-0.675087,1.415147
q_018,8,496.998810,247.423508,499.324219,250.438721,254397.329405,3364913.279413,254398.492109,3364911.771807,1.162704,-1.507607,1.903880
