query_id,match_index,truth_col_px,truth_row_px,pred_col_px,pred_row_px,truth_x_m,truth_y_m,pred_x_m,pred_y_m,dx_m,dy_m,dxy_m
q_028,0,225.405319,772.211914,464.078461,149.000366,254715.004660,3364443.548043,254834.341230,3364755.153817,119.336571,311.605774,333.675554
q_028,1,501.737030,453.648071,239.539673,725.875427,254853.170515,3364602.829964,254722.071836,3364466.716286,-131.098679,-136.113678,188.980943
q_028,2,551.996277,201.178284,552.777710,200.512375,254878.300138,3364729.064858,254878.690855,3364729.397813,0.390717,0.332954,0.513340
q_028,3,551.996277,201.178284,552.777710,200.512375,254878.300138,3364729.064858,254878.690855,3364729.397813,0.390717,0.332954,0.513340
q_028,4,798.533203,76.206230,375.530975,546.578857,255001.568602,3364791.550885,254790.067488,3364556.364571,-211.501114,-235.186314,316.299420
q_028,5,798.533203,76.206230,375.530975,546.578857,255001.568602,3364791.550885,254790.067488,3364556.364571,-211.501114,-235.186314,316.299420
