query_id,match_index,truth_col_px,truth_row_px,pred_col_px,pred_row_px,truth_x_m,truth_y_m,pred_x_m,pred_y_m,dx_m,dy_m,dxy_m
q_021,0,384.828156,224.575363,190.425507,330.174438,254907.884078,3364275.613318,254810.682753,3364222.813781,-97.201324,-52.799538,110.615951
q_021,1,524.312134,461.265167,557.221375,434.950806,254977.626067,3364157.268416,254994.080687,3364170.425597,16.454620,13.157181,21.068126
q_021,2,598.098511,146.951096,194.900238,376.492279,255014.519255,3364314.425452,254812.920119,3364199.654860,-201.599136,-114.770592,231.979526
q_021,3,603.583740,72.908722,108.777061,796.586121,255017.261870,3364351.446639,254769.858531,3363989.607940,-247.403339,-361.838699,438.332815
q_021,4,662.708618,180.577286,194.791428,338.692932,255046.824309,3364297.612357,254812.865714,3364218.554534,-233.958595,-79.057823,246.954983
q_021,5,715.209473,58.680508,194.791428,338.692932,255073.074736,3364358.560746,254812.865714,3364218.554534,-260.209023,-140.006212,295.483460
