query_id,match_index,truth_col_px,truth_row_px,pred_col_px,pred_row_px,truth_x_m,truth_y_m,pred_x_m,pred_y_m,dx_m,dy_m,dxy_m
q_029,0,78.414398,700.812134,218.875259,279.661469,254940.721199,3364065.636876,255010.951630,3364276.212209,70.230431,210.575333,221.978116
q_029,1,139.558044,419.735565,158.991074,581.035828,254971.293022,3364206.175160,254981.009537,3364125.525029,9.716515,-80.650131,81.233333
q_029,2,181.878647,190.193314,348.951202,448.784088,254992.453323,3364320.946286,255075.989601,3364191.650899,83.536278,-129.295387,153.933774
q_029,3,315.945709,465.240265,82.431870,705.127747,255059.486855,3364183.422810,254942.729935,3364063.479070,-116.756920,-119.943741,167.387811
q_029,4,318.001526,458.071777,82.431870,705.127747,255060.514763,3364187.007054,254942.729935,3364063.479070,-117.784828,-123.527985,170.682245
q_029,5,427.831573,130.831512,82.431870,705.127747,255115.429787,3364350.627187,254942.729935,3364063.479070,-172.699852,-287.148117,335.081005
q_029,6,428.323975,143.218658,82.431870,705.127747,255115.675987,3364344.433614,254942.729935,3364063.479070,-172.946053,-280.954544,329.917858
