query_id,match_index,truth_col_px,truth_row_px,pred_col_px,pred_row_px,truth_x_m,truth_y_m,pred_x_m,pred_y_m,dx_m,dy_m,dxy_m
q_024,0,245.161041,608.421570,187.315002,829.640137,254711.888161,3364537.249215,254682.965142,3364426.639932,-28.923019,-110.609283,114.328276
q_024,1,419.995392,561.715698,431.166168,540.967712,254799.305336,3364560.602151,254804.890725,3364570.976144,5.585388,10.373993,11.782033
q_024,2,425.554779,541.458557,426.802673,538.986938,254802.085030,3364570.730721,254802.708977,3364571.966531,0.623947,1.235809,1.384390
q_024,3,430.306000,532.934265,426.802673,538.986938,254804.460640,3364574.992867,254802.708977,3364571.966531,-1.751663,-3.026337,3.496718
q_024,4,434.610321,525.328003,426.802673,538.986938,254806.612801,3364578.795999,254802.708977,3364571.966531,-3.903824,-6.829468,7.866478
q_024,5,631.472534,189.568451,634.291748,189.004196,254905.043908,3364746.675775,254906.453515,3364746.957902,1.409607,0.282127,1.437563
q_024,6,644.801575,76.623215,606.165527,6.663126,254911.708428,3364803.148393,254892.390404,3364838.128437,-19.318024,34.980044,39.959849
