query_id,match_index,truth_col_px,truth_row_px,pred_col_px,pred_row_px,truth_x_m,truth_y_m,pred_x_m,pred_y_m,dx_m,dy_m,dxy_m
q_027,0,71.356468,538.650391,102.229408,594.973633,254624.985875,3364755.738460,254640.422345,3364727.576838,15.436470,-28.161621,32.114818
q_027,1,117.108215,15.602963,438.581696,481.942963,254647.861748,3365017.262173,254808.598488,3364784.092173,160.736740,-233.170000,283.204075
q_027,2,140.312180,700.808899,438.581696,481.942963,254659.463730,3364674.659205,254808.598488,3364784.092173,149.134758,109.432968,184.977703
q_027,3,164.811859,301.608826,459.618439,165.887787,254671.713570,3364874.259242,254819.116860,3364942.119761,147.403290,67.860519,162.273781
q_027,4,226.293167,548.929077,438.581696,481.942963,254702.454224,3364750.599116,254808.598488,3364784.092173,106.144264,33.493057,111.303143
q_027,5,228.296631,158.926743,478.991089,442.968781,254703.455956,3364945.600284,254828.803185,3364803.579265,125.347229,-142.021019,189.425177
q_027,6,252.357040,623.711243,438.581696,481.942963,254715.486161,3364713.208033,254808.598488,3364784.092173,93.112328,70.884140,117.023360
