query_id,match_index,truth_col_px,truth_row_px,pred_col_px,pred_row_px,truth_x_m,truth_y_m,pred_x_m,pred_y_m,dx_m,dy_m,dxy_m
q_020,0,161.446899,324.660339,158.476791,304.196716,254813.407450,3364193.404830,254811.922396,3364203.636642,-1.485054,10.231812,10.339021
q_020,1,168.726959,306.717712,158.476791,304.196716,254817.047480,3364202.376144,254811.922396,3364203.636642,-5.125084,1.260498,5.277816
q_020,2,170.095016,315.473175,158.476791,304.196716,254817.731508,3364197.998412,254811.922396,3364203.636642,-5.809113,5.638229,8.095395
q_020,3,440.589935,489.722900,633.515320,246.682175,254952.978968,3364110.873550,255049.441660,3364232.393913,96.462692,121.520363,155.152343
q_020,4,445.505951,209.542023,162.686111,312.296539,254955.436975,3364250.963989,254814.027056,3364199.586730,-141.409920,-51.377258,150.453940
q_020,5,534.888000,94.576019,162.686111,312.296539,255000.128000,3364308.446990,254814.027056,3364199.586730,-186.100945,-108.860260,215.601757
q_020,6,592.974915,198.916550,162.686111,312.296539,255029.171457,3364256.276725,254814.027056,3364199.586730,-215.144402,-56.689995,222.487908
q_020,7,720.510376,411.169769,546.059875,756.325928,255092.939188,3364150.150115,255005.713938,3363977.572036,-87.225250,-172.578079,193.368658
