query_id,match_index,truth_col_px,truth_row_px,pred_col_px,pred_row_px,truth_x_m,truth_y_m,pred_x_m,pred_y_m,dx_m,dy_m,dxy_m
q_025,0,325.185303,474.124725,329.485443,482.363708,254415.849651,3365253.927637,254417.999722,3365249.808146,2.150070,-4.119492,4.646828
q_025,1,328.959778,498.466156,332.188721,500.646332,254417.736889,3365241.756922,254419.351360,3365240.666834,1.614471,-1.090088,1.948027
q_025,2,372.423187,847.294128,372.436035,862.012390,254439.468594,3365067.342936,254439.475018,3365059.983805,0.006424,-7.359131,7.359134
q_025,3,381.205414,699.053833,383.212280,692.655701,254443.859707,3365141.463083,254444.863140,3365144.662150,1.003433,3.199066,3.352746
q_025,4,405.684357,558.347717,406.090881,557.595459,254456.099178,3365211.816141,254456.302441,3365212.192271,0.203262,0.376129,0.427538
q_025,5,629.650513,662.607239,631.083496,664.599182,254568.082256,3365159.686381,254568.798748,3365158.690409,0.716492,-0.995972,1.226915
q_025,6,632.249695,654.654236,633.659058,657.117798,254569.381847,3365163.662882,254570.086529,3365162.431101,0.704681,-1.231781,1.419105
q_025,7,632.545837,661.040833,634.042114,662.945740,254569.529919,3365160.469584,254570.278057,3365159.517130,0.748138,-0.952454,1.211148
