query_id,match_index,truth_col_px,truth_row_px,pred_col_px,pred_row_px,truth_x_m,truth_y_m,pred_x_m,pred_y_m,dx_m,dy_m,dxy_m
q_022,0,298.746063,673.426392,297.698303,692.412354,254826.036032,3364079.329747,254825.512152,3364069.836766,-0.523880,-9.492981,9.507425
q_022,1,298.746063,673.426392,297.698303,692.412354,254826.036032,3364079.329747,254825.512152,3364069.836766,-0.523880,-9.492981,9.507425
q_022,2,523.601440,392.592377,58.598167,295.514587,254938.463720,3364219.746755,254705.962084,3364268.285649,-232.501637,48.538895,237.514284
q_022,3,660.049133,661.202759,558.296997,176.516129,255006.687567,3364085.441564,254955.811499,3364327.784879,-50.876068,242.343315,247.626042
q_022,4,662.881653,657.895325,557.475525,180.227127,255008.103826,3364087.095281,254955.400762,3364325.929379,-52.703064,238.834099,244.579925
q_022,5,715.810913,341.202271,549.414551,166.679565,255034.568457,3364245.441808,254951.370275,3364332.703160,-83.198181,87.261353,120.567330
