query_id,match_index,truth_col_px,truth_row_px,pred_col_px,pred_row_px,truth_x_m,truth_y_m,pred_x_m,pred_y_m,dx_m,dy_m,dxy_m
q_039,0,160.697968,226.136093,53.165657,100.115692,254791.737984,3364911.995608,254737.971829,3364975.005809,-53.766155,63.010201,82.831666
q_039,1,217.308823,422.114655,169.183838,433.863739,254820.043411,3364814.006328,254795.980919,3364808.131785,-24.062492,-5.874542,24.769210
q_039,2,271.689117,13.331168,163.531647,398.580597,254847.233559,3365018.398071,254793.154823,3364825.773356,-54.078735,-192.624714,200.071963
q_039,3,427.072052,383.422028,458.588928,283.519379,254924.925026,3364833.352641,254940.683464,3364883.303965,15.758438,49.951324,52.378079
q_039,4,531.364136,418.461273,273.572754,434.101410,254977.071068,3364815.833018,254848.175377,3364808.012950,-128.895691,-7.820068,129.132694
q_039,5,531.364136,418.461273,273.572754,434.101410,254977.071068,3364815.833018,254848.175377,3364808.012950,-128.895691,-7.820068,129.132694
