query_id,match_index,truth_col_px,truth_row_px,pred_col_px,pred_row_px,truth_x_m,truth_y_m,pred_x_m,pred_y_m,dx_m,dy_m,dxy_m
q_030,0,75.061348,16.004372,240.922638,613.035339,254874.358674,3364408.040757,254957.289319,3364109.525273,82.930645,-298.515484,309.820893
q_030,1,75.061348,16.004372,240.922638,613.035339,254874.358674,3364408.040757,254957.289319,3364109.525273,82.930645,-298.515484,309.820893
q_030,2,75.353737,15.881873,240.922638,613.035339,254874.504868,3364408.102006,254957.289319,3364109.525273,82.784451,-298.576733,309.840815
q_030,3,232.120300,421.180084,231.266953,555.719727,254952.888150,3364205.452901,254952.461476,3364138.183080,-0.426674,-67.269821,67.271174
q_030,4,307.293030,175.046005,233.885498,558.310059,254990.474515,3364328.519940,254953.770749,3364136.887914,-36.703766,-191.632027,195.115351
q_030,5,322.673401,347.938721,381.193237,26.407360,254998.164700,3364242.073583,255027.424619,3364402.839263,29.259918,160.765680,163.406691
q_030,6,479.266357,526.589417,225.735046,456.301300,255076.461179,3364152.748235,254949.695523,3364187.892293,-126.765656,35.144058,131.547088
