query_id,match_index,truth_col_px,truth_row_px,pred_col_px,pred_row_px,truth_x_m,truth_y_m,pred_x_m,pred_y_m,dx_m,dy_m,dxy_m
q_040,0,171.376083,851.696960,289.051910,704.950623,254688.738438,3365187.216520,254747.576351,3365260.589689,58.837914,73.373169,94.050635
q_040,1,350.800934,171.743546,706.448425,356.156128,254778.450863,3365527.193227,254956.274609,3365434.986936,177.823746,-92.206291,200.307975
q_040,2,356.571594,178.947128,706.448425,356.156128,254781.336193,3365523.591436,254956.274609,3365434.986936,174.938416,-88.604500,196.097442
q_040,3,447.470123,762.670959,123.201187,771.846985,254826.785458,3365231.729520,254664.650990,3365227.141508,-162.134468,-4.588013,162.199370
q_040,4,758.469421,545.116394,525.343750,367.982361,254982.285107,3365340.506803,254865.722271,3365429.073820,-116.562836,88.567017,146.393344
q_040,5,853.768799,390.075165,720.445435,261.460052,255029.934795,3365418.027418,254963.273113,3365482.334974,-66.661682,64.307556,92.624196
