{
  "top_k": 10,
  "query_count": 5,
  "recall@1": 0.2,
  "recall@5": 0.6,
  "recall@10": 0.8,
  "mrr": 0.375,
  "top1_error_m_mean": 408.49683918233444,
  "hit_count@1": 1,
  "hit_count@5": 3,
  "hit_count@10": 4,
  "per_query": [
    {
      "query_id": "q_200m_01",
      "truth_tile_ids": [
        "s80_x254207.293_y3364387.454",
        "s120_x254197.293_y3364407.454",
        "s200_x254147.293_y3364357.454",
        "s200_x254297.293_y3364357.454"
      ],
      "topk_tile_ids": [
        "s120_x255112.800_y3365433.601",
        "s200_x254147.293_y3364357.454",
        "s80_x254615.317_y3364255.530",
        "s80_x254581.063_y3364996.491",
        "s80_x254615.317_y3364375.530",
        "s80_x254656.545_y3365842.637",
        "s120_x254598.610_y3365964.565",
        "s120_x254557.293_y3364227.454",
        "s120_x255654.480_y3365670.735",
        "s120_x255654.480_y3365760.735"
      ],
      "hit@1": false,
      "hit@5": true,
      "hit@10": true,
      "reciprocal_rank": 0.5,
      "top1_error_m": 1376.9252236952843
    },
    {
      "query_id": "q_200m_02",
      "truth_tile_ids": [
        "s80_x254267.293_y3364207.454",
        "s80_x254267.293_y3364267.454",
        "s120_x254287.293_y3364227.454",
        "s200_x254297.293_y3364207.454"
      ],
      "topk_tile_ids": [
        "s120_x254287.293_y3364137.454",
        "s120_x254481.063_y3364476.491",
        "s120_x254676.545_y3365952.637",
        "s120_x254766.545_y3365862.637",
        "s120_x255550.764_y3365421.700",
        "s200_x254716.545_y3365872.637",
        "s200_x254716.545_y3366022.637",
        "s120_x254676.545_y3365862.637",
        "s120_x254391.063_y3364926.491",
        "s120_x254481.063_y3364926.491"
      ],
      "hit@1": false,
      "hit@5": false,
      "hit@10": false,
      "reciprocal_rank": 0.0,
      "top1_error_m": 104.52160625306456
    },
    {
      "query_id": "q_200m_03",
      "truth_tile_ids": [
        "s80_x254327.293_y3364387.454",
        "s80_x254387.293_y3364387.454",
        "s120_x254377.293_y3364407.454",
        "s200_x254297.293_y3364357.454",
        "s200_x254447.293_y3364357.454"
      ],
      "topk_tile_ids": [
        "s120_x254739.058_y3364464.565",
        "s200_x254689.058_y3364504.565",
        "s200_x254716.545_y3366022.637",
        "s120_x254467.293_y3364137.454",
        "s120_x254739.058_y3364554.565",
        "s200_x254716.545_y3365872.637",
        "s120_x254404.835_y3365175.528",
        "s80_x254387.293_y3364387.454",
        "s120_x254676.545_y3365952.637",
        "s120_x254467.293_y3364047.454"
      ],
      "hit@1": false,
      "hit@5": false,
      "hit@10": true,
      "reciprocal_rank": 0.125,
      "top1_error_m": 383.179384348715
    },
    {
      "query_id": "q_200m_04",
      "truth_tile_ids": [
        "s120_x254661.063_y3364476.491",
        "s200_x254611.063_y3364516.491",
        "s80_x254689.058_y3364444.565",
        "s80_x254689.058_y3364504.565",
        "s120_x254649.058_y3364464.565",
        "s120_x254739.058_y3364464.565",
        "s200_x254689.058_y3364504.565",
        "s200_x254597.293_y3364507.454",
        "s200_x254675.317_y3364495.530"
      ],
      "topk_tile_ids": [
        "s120_x254739.058_y3364464.565",
        "s120_x254467.293_y3364137.454",
        "s120_x254739.058_y3364554.565",
        "s120_x254467.293_y3364047.454",
        "s200_x254689.058_y3364504.565",
        "s120_x254919.058_y3364824.565",
        "s120_x254404.835_y3365175.528",
        "s80_x254387.293_y3364027.454",
        "s200_x254839.058_y3364804.565",
        "s120_x254856.545_y3366042.637"
      ],
      "hit@1": true,
      "hit@5": true,
      "hit@10": true,
      "reciprocal_rank": 1.0,
      "top1_error_m": 60.47889086049798
    },
    {
      "query_id": "q_200m_05",
      "truth_tile_ids": [
        "s80_x254507.293_y3364207.454",
        "s80_x254507.293_y3364267.454",
        "s120_x254467.293_y3364227.454",
        "s120_x254557.293_y3364227.454",
        "s200_x254447.293_y3364207.454",
        "s200_x254597.293_y3364207.454"
      ],
      "topk_tile_ids": [
        "s120_x254467.293_y3364137.454",
        "s200_x254689.058_y3364504.565",
        "s120_x254739.058_y3364554.565",
        "s200_x254447.293_y3364207.454",
        "s120_x254739.058_y3364464.565",
        "s120_x254829.058_y3364644.565",
        "s200_x254839.058_y3364804.565",
        "s120_x254404.835_y3365175.528",
        "s120_x254481.063_y3364476.491",
        "s80_x254507.293_y3364207.454"
      ],
      "hit@1": false,
      "hit@5": true,
      "hit@10": true,
      "reciprocal_rank": 0.25,
      "top1_error_m": 117.37909075411011
    }
  ]
}