{
  "top_k": 10,
  "query_count": 5,
  "recall@1": 0.2,
  "recall@5": 0.4,
  "recall@10": 0.8,
  "mrr": 0.36666666666666664,
  "top1_error_m_mean": 370.61315764643666,
  "hit_count@1": 1,
  "hit_count@5": 2,
  "hit_count@10": 4,
  "per_query": [
    {
      "query_id": "q_200m_01",
      "truth_tile_ids": [
        "s80_x254207.293_y3364267.454",
        "s80_x254207.293_y3364327.454",
        "s120_x254197.293_y3364317.454",
        "s200_x254147.293_y3364207.454",
        "s200_x254147.293_y3364357.454",
        "s200_x254297.293_y3364207.454",
        "s200_x254297.293_y3364357.454"
      ],
      "topk_tile_ids": [
        "s120_x254391.063_y3364926.491",
        "s120_x254197.293_y3364317.454",
        "s120_x254766.545_y3365862.637",
        "s120_x254494.835_y3365085.528",
        "s120_x254662.800_y3365073.601",
        "s120_x254494.835_y3365175.528",
        "s120_x254662.800_y3365163.601",
        "s80_x254534.835_y3365065.528",
        "s200_x254716.545_y3365872.637",
        "s120_x254211.063_y3364476.491"
      ],
      "hit@1": false,
      "hit@5": true,
      "hit@10": true,
      "reciprocal_rank": 0.5,
      "top1_error_m": 657.0449005109232
    },
    {
      "query_id": "q_200m_02",
      "truth_tile_ids": [
        "s80_x254161.063_y3364456.491",
        "s80_x254221.063_y3364456.491",
        "s120_x254211.063_y3364476.491",
        "s200_x254161.063_y3364516.491",
        "s80_x254207.293_y3364447.454",
        "s120_x254197.293_y3364407.454",
        "s200_x254147.293_y3364507.454",
        "s200_x254297.293_y3364507.454"
      ],
      "topk_tile_ids": [
        "s120_x254391.063_y3364926.491",
        "s120_x254481.063_y3364926.491",
        "s120_x254404.835_y3365175.528",
        "s200_x254716.545_y3365872.637",
        "s120_x254494.835_y3365085.528",
        "s120_x254211.063_y3364476.491",
        "s120_x254676.545_y3365952.637",
        "s120_x254494.835_y3365175.528",
        "s200_x254866.545_y3366022.637",
        "s80_x254474.835_y3365185.528"
      ],
      "hit@1": false,
      "hit@5": false,
      "hit@10": true,
      "reciprocal_rank": 0.16666666666666666,
      "top1_error_m": 506.0794342933691
    },
    {
      "query_id": "q_200m_03",
      "truth_tile_ids": [
        "s80_x254594.835_y3365065.528",
        "s80_x254594.835_y3365125.528",
        "s120_x254584.835_y3365085.528",
        "s200_x254624.835_y3365125.528",
        "s200_x254611.063_y3365116.491",
        "s200_x254689.058_y3365104.565"
      ],
      "topk_tile_ids": [
        "s120_x254391.063_y3364926.491",
        "s120_x254481.063_y3364926.491",
        "s200_x254474.835_y3365125.528",
        "s120_x254404.835_y3365175.528",
        "s120_x254494.835_y3365175.528",
        "s120_x254404.835_y3365085.528",
        "s120_x254662.800_y3365163.601",
        "s200_x254716.545_y3365872.637",
        "s120_x254494.835_y3365085.528",
        "s120_x254662.800_y3365073.601"
      ],
      "hit@1": false,
      "hit@5": false,
      "hit@10": false,
      "reciprocal_rank": 0.0,
      "top1_error_m": 270.3212343046831
    },
    {
      "query_id": "q_200m_04",
      "truth_tile_ids": [
        "s80_x254327.293_y3364387.454",
        "s80_x254387.293_y3364387.454",
        "s120_x254377.293_y3364407.454",
        "s200_x254297.293_y3364357.454",
        "s200_x254447.293_y3364357.454"
      ],
      "topk_tile_ids": [
        "s120_x254739.058_y3364464.565",
        "s120_x254467.293_y3364137.454",
        "s200_x254716.545_y3366022.637",
        "s200_x254689.058_y3364504.565",
        "s120_x254404.835_y3365175.528",
        "s80_x254387.293_y3364387.454",
        "s200_x254447.293_y3364057.454",
        "s200_x254839.058_y3364804.565",
        "s200_x254866.545_y3366022.637",
        "s120_x254919.058_y3364824.565"
      ],
      "hit@1": false,
      "hit@5": false,
      "hit@10": true,
      "reciprocal_rank": 0.16666666666666666,
      "top1_error_m": 389.1337418836976
    },
    {
      "query_id": "q_200m_05",
      "truth_tile_ids": [
        "s80_x254281.063_y3364876.491",
        "s120_x254301.063_y3364836.491",
        "s200_x254311.063_y3364816.491"
      ],
      "topk_tile_ids": [
        "s120_x254301.063_y3364836.491",
        "s200_x254161.063_y3364816.491",
        "s200_x255544.480_y3365710.735",
        "s200_x253796.869_y3365437.480",
        "s200_x254866.545_y3366022.637",
        "s120_x254662.800_y3365163.601",
        "s200_x254716.545_y3365722.637",
        "s200_x254474.835_y3365275.528",
        "s120_x254739.058_y3364824.565",
        "s120_x254391.063_y3364926.491"
      ],
      "hit@1": true,
      "hit@5": true,
      "hit@10": true,
      "reciprocal_rank": 1.0,
      "top1_error_m": 30.486477239510474
    }
  ]
}