{
  "overall": {
    "query_count": 5,
    "recall@1": 0.4,
    "recall@5": 0.8,
    "recall@10": 1.0,
    "mrr": 0.528888888888889,
    "top1_error_m_mean": 654.2659450963899
  },
  "per_scale": {
    "200": {
      "query_count": 5,
      "recall@1": 0.4,
      "recall@5": 0.8,
      "recall@10": 1.0,
      "mrr": 0.528888888888889,
      "top1_error_m_mean": 654.2659450963899,
      "top1_hit_queries": [
        "q_200m_01",
        "q_200m_02"
      ],
      "top5_only_queries": [
        "q_200m_03",
        "q_200m_05"
      ]
    }
  },
  "top1_hit_queries": [
    "q_200m_01",
    "q_200m_02"
  ],
  "top5_only_queries": [
    "q_200m_03",
    "q_200m_05"
  ]
}