flight_id,query_count,phase_corr_error_m_mean,center_offset_m_mean,ortho_iou_mean,ssim_mean
DJI_202510311347_009_新建面状航线1,20,0.27637334999999996,11.66562025,0.66411535,0.59851385
DJI_202510311413_010_新建面状航线1,20,0.28129574999999996,14.93786375,0.63972655,0.5925649999999999
