flight_id,query_count,phase_corr_error_m_mean,center_offset_m_mean,ortho_iou_mean,ssim_mean
DJI_202510311347_009_新建面状航线1,10,0.24997860000000002,277.65448920000006,0.4164891,0.4600712999999999
DJI_202510311413_010_新建面状航线1,10,0.24224330000000002,361.0918093,0.2818369,0.5061218000000001
DJI_202510311435_011_新建面状航线1,9,0.2906265555555556,269.38283288888886,0.3907058888888889,0.4636804444444444
DJI_202510311500_012_新建面状航线1,10,0.21989810000000004,218.6786939,0.4312671,0.48141809999999996
