flight_id,short_flight_id,query_count,ok_count,tiepoint_xy_error_mean_m,tiepoint_xy_error_median_m,tiepoint_xy_error_rmse_m,tiepoint_xy_error_p90_m,tiepoint_match_count_mean,tiepoint_inlier_ratio_mean
DJI_202510311347_009_新建面状航线1,009,20,20,1.747621560672659,1.1884160000000001,2.470762004308837,3.6312416000000005,4880.6,0.83000045
DJI_202510311413_010_新建面状航线1,010,20,20,2.136790030145987,1.349021,3.026830838468913,5.0462085,4877.85,0.8862223000000002
