query_id,feature_ms,retrieval_ms,total_ms
q_200m_01,3295.156799023971,3.5432528238743544,3298.7033519893885
q_200m_02,2941.3109091110528,0.14621089212596416,2941.458720015362
q_200m_03,2880.6496779434383,0.12850994244217873,2880.7795878965408
q_200m_04,3002.643719082698,0.12760795652866364,3002.7726269327104
q_200m_05,3024.7600961010903,0.13840897008776665,3024.8998049646616
