{
  "pooling": "pooler",
  "feature_timing": {
    "count": 5,
    "mean_ms": 2953.565785801038,
    "median_ms": 2877.3909779265523,
    "p90_ms": 3264.6981049329042
  },
  "retrieval_timing": {
    "count": 5,
    "mean_ms": 0.566783593967557,
    "median_ms": 0.19431416876614094,
    "p90_ms": 2.1370649337768555
  },
  "total_timing": {
    "count": 5,
    "mean_ms": 2954.1352693922818,
    "median_ms": 2877.6385970413685,
    "p90_ms": 3264.8963190149516
  }
}