{
  "pooling": "pooler",
  "feature_timing": {
    "count": 5,
    "mean_ms": 2929.0360209997743,
    "median_ms": 2937.226943904534,
    "p90_ms": 2986.832523951307
  },
  "retrieval_timing": {
    "count": 5,
    "mean_ms": 0.38202637806534767,
    "median_ms": 0.16581104137003422,
    "p90_ms": 1.2638878542929888
  },
  "total_timing": {
    "count": 5,
    "mean_ms": 2929.4209276326,
    "median_ms": 2937.3796551954,
    "p90_ms": 2986.9972351007164
  }
}