query_id,feature_ms,retrieval_ms,total_ms
q_200m_01,2876.8576360307634,1.2638878542929888,2878.1245239079
q_200m_02,2945.0814430601895,0.1684119924902916,2945.253055077046
q_200m_03,2899.181558052078,0.16581104137003422,2899.350168881938
q_200m_04,2986.832523951307,0.1623108983039856,2986.9972351007164
q_200m_05,2937.226943904534,0.14971010386943817,2937.3796551954
