{
  "pooling": "pooler",
  "feature_timing": {
    "count": 5,
    "mean_ms": 2959.707446116954,
    "median_ms": 2956.832936964929,
    "p90_ms": 3023.376293014735
  },
  "retrieval_timing": {
    "count": 5,
    "mean_ms": 0.32980483956635,
    "median_ms": 0.11950917541980743,
    "p90_ms": 1.1599869467318058
  },
  "total_timing": {
    "count": 5,
    "mean_ms": 2960.0391109939665,
    "median_ms": 2956.9693468511105,
    "p90_ms": 3023.495502071455
  }
}