query_id,feature_ms,retrieval_ms,total_ms
q_200m_01,2829.678313108161,2.1370649337768555,2831.817477941513
q_200m_02,2877.3909779265523,0.24371896870434284,2877.6385970413685
q_200m_03,2934.779706876725,0.1288098283112049,2934.91011695005
q_200m_04,2861.281826160848,0.1300100702792406,2861.4138360135257
q_200m_05,3264.6981049329042,0.19431416876614094,3264.8963190149516
