query_id,feature_ms,retrieval_ms,total_ms
q_200m_01,2919.5992248132825,1.1599869467318058,2920.7619121298194
q_200m_02,2956.832936964929,0.13450998812913895,2956.9693468511105
q_200m_03,3010.7294509653,0.1176090445369482,3010.8484600204974
q_200m_04,2887.9993248265237,0.11950917541980743,2888.12033389695
q_200m_05,3023.376293014735,0.11740904301404953,3023.495502071455
