{
  "pooling": "pooler",
  "feature_timing": {
    "count": 5,
    "mean_ms": 3028.90424025245,
    "median_ms": 3002.643719082698,
    "p90_ms": 3295.156799023971
  },
  "retrieval_timing": {
    "count": 5,
    "mean_ms": 0.8167981170117855,
    "median_ms": 0.13840897008776665,
    "p90_ms": 3.5432528238743544
  },
  "total_timing": {
    "count": 5,
    "mean_ms": 3029.7228183597326,
    "median_ms": 3002.7726269327104,
    "p90_ms": 3298.7033519893885
  }
}