flight_id,query_count,horizontal_error_m_mean,spatial_error_m_mean,view_dir_angle_error_deg_mean,yaw_error_deg_mean,pitch_error_deg_mean,roll_error_deg_mean
DJI_202510311347_009_新建面状航线1,10,4.300482000000001,15.780379300000002,0.4945813,0.29934610000000006,0.4207602,0.40333199999999997
DJI_202510311413_010_新建面状航线1,10,5.9452333,17.639886499999996,0.6984513000000001,0.5421794999999999,0.5322792,0.8216538999999999
DJI_202510311435_011_新建面状航线1,10,140.84643190000003,156.801494,5.9259465,8.9104334,1.2635408000000001,2.1034174
DJI_202510311500_012_新建面状航线1,10,11.5950914,20.3781538,1.2590245,1.2624819999999999,0.8507368,1.3350388
