{
  "pooling": "pooler",
  "feature_timing": {
    "count": 5,
    "mean_ms": 2109.0809139888734,
    "median_ms": 2112.325425958261,
    "p90_ms": 2184.861582936719
  },
  "retrieval_timing": {
    "count": 5,
    "mean_ms": 1.2424299959093332,
    "median_ms": 0.7363420445472002,
    "p90_ms": 3.108273958787322
  },
  "total_timing": {
    "count": 5,
    "mean_ms": 2110.3263840079308,
    "median_ms": 2113.052867120132,
    "p90_ms": 2185.826036846265
  }
}