query_id,feature_ms,retrieval_ms,total_ms
q_200m_01,2133.732578950003,4.603970097377896,2138.3403490763158
q_200m_02,2232.0481459610164,0.7266418542712927,2232.776988996193
q_200m_03,2341.2585651967674,0.7183409761637449,2341.979206074029
q_200m_04,2181.885526049882,0.7225410081446171,2182.6101671904325
q_200m_05,2155.5106269661337,0.7052409928292036,2156.2182679772377
