{
  "pooling": "pooler",
  "feature_timing": {
    "count": 5,
    "mean_ms": 2208.8870886247605,
    "median_ms": 2181.885526049882,
    "p90_ms": 2341.2585651967674
  },
  "retrieval_timing": {
    "count": 5,
    "mean_ms": 1.495346985757351,
    "median_ms": 0.7225410081446171,
    "p90_ms": 4.603970097377896
  },
  "total_timing": {
    "count": 5,
    "mean_ms": 2210.3849958628416,
    "median_ms": 2182.6101671904325,
    "p90_ms": 2341.979206074029
  }
}