query_id,feature_ms,retrieval_ms,total_ms
q_200m_01,2177.179828984663,2.0639009308069944,2179.2475301772356
q_200m_02,2271.5137919876724,1.7638870049268007,2273.2811789028347
q_200m_03,2393.6455089133233,0.8131398353725672,2394.4620490074158
q_200m_04,3100.1372148748487,0.7100419607013464,3100.8499569725245
q_200m_05,2945.209100143984,0.7610442116856575,2945.972943911329
