{
  "pooling": "pooler",
  "feature_timing": {
    "count": 5,
    "mean_ms": 3385.160572407767,
    "median_ms": 3351.8181769177318,
    "p90_ms": 3818.1242558639497
  },
  "retrieval_timing": {
    "count": 5,
    "mean_ms": 0.9913600515574217,
    "median_ms": 0.7996491622179747,
    "p90_ms": 1.953918021172285
  },
  "total_timing": {
    "count": 5,
    "mean_ms": 3386.1548523884267,
    "median_ms": 3352.6208258699626,
    "p90_ms": 3818.9411049243063
  }
}