query_id,feature_ms,retrieval_ms,total_ms
q_200m_01,2062.085964018479,3.108273958787322,2065.1974380016327
q_200m_02,2112.325425958261,0.7251410279422998,2113.052867120132
q_200m_03,2184.861582936719,0.9603539947420359,2185.826036846265
q_200m_04,2073.1298900209367,0.7363420445472002,2073.8686320837587
q_200m_05,2113.001707009971,0.6820389535278082,2113.6869459878653
