{
  "pooling": "pooler",
  "feature_timing": {
    "count": 5,
    "mean_ms": 2577.5370889808983,
    "median_ms": 2393.6455089133233,
    "p90_ms": 3100.1372148748487
  },
  "retrieval_timing": {
    "count": 5,
    "mean_ms": 1.2224027886986732,
    "median_ms": 0.8131398353725672,
    "p90_ms": 2.0639009308069944
  },
  "total_timing": {
    "count": 5,
    "mean_ms": 2578.762731794268,
    "median_ms": 2394.4620490074158,
    "p90_ms": 3100.8499569725245
  }
}