query_id,feature_ms,retrieval_ms,total_ms
q_200m_01,3311.959484126419,1.953918021172285,3313.917602179572
q_200m_02,3818.1242558639497,0.8137489203363657,3818.9411049243063
q_200m_03,3351.8181769177318,0.7996491622179747,3352.6208258699626
q_200m_04,3444.4767150562257,0.6970420945435762,3445.1756570488214
q_200m_05,2999.42423007451,0.6924420595169067,3000.119071919471
