flight_id,query_count,tiepoint_xy_error_mean_m,tiepoint_xy_error_median_m,tiepoint_xy_error_rmse_m,tiepoint_xy_error_p90_m,tiepoint_match_count_mean,tiepoint_inlier_ratio_mean
DJI_202510311347_009_新建面状航线1,4,0.47066048594561255,0.311853,0.6750231034182027,1.024809,13390.25,0.93551125
DJI_202510311413_010_新建面状航线1,1,0.19925757958104381,0.181018,0.23230677506901065,0.30903060000000004,54038.0,0.986769
