{
  "overall": {
    "query_count": 5,
    "recall@1": 0.4,
    "recall@5": 0.6,
    "recall@10": 0.8,
    "mrr": 0.48888888888888893,
    "top1_error_m_mean": 347.7603799666283
  },
  "per_scale": {
    "200": {
      "query_count": 5,
      "recall@1": 0.4,
      "recall@5": 0.6,
      "recall@10": 0.8,
      "mrr": 0.48888888888888893,
      "top1_error_m_mean": 347.7603799666283,
      "top1_hit_queries": [
        "q_200m_04",
        "q_200m_05"
      ],
      "top5_only_queries": [
        "q_200m_01"
      ]
    }
  },
  "top1_hit_queries": [
    "q_200m_04",
    "q_200m_05"
  ],
  "top5_only_queries": [
    "q_200m_01"
  ]
}