flight_id,flight_tag,baseline_intersection_recall@1,baseline_intersection_recall@5,baseline_intersection_recall@10,baseline_intersection_recall@20,baseline_intersection_mrr,romav2_intersection_recall@1,romav2_intersection_recall@5,romav2_intersection_recall@10,romav2_intersection_recall@20,romav2_intersection_mrr,romav2_top1_error_m_mean
DJI_202510311347_009_新建面状航线1,009,0.800000,1.000000,1.000000,1.000000,0.900000,1.000000,1.000000,1.000000,1.000000,1.000000,516.412542
DJI_202510311413_010_新建面状航线1,010,0.900000,1.000000,1.000000,1.000000,0.950000,1.000000,1.000000,1.000000,1.000000,1.000000,315.934619
DJI_202510311435_011_新建面状航线1,011,0.900000,1.000000,1.000000,1.000000,0.950000,0.900000,1.000000,1.000000,1.000000,0.950000,435.424109
DJI_202510311500_012_新建面状航线1,012,0.700000,0.900000,1.000000,1.000000,0.794444,1.000000,1.000000,1.000000,1.000000,1.000000,483.073036
